,阅读数,评论数,标题,作者,最后更新,情绪
0,15862,172,今天乱猜一下,萍踪狐影,08-24 09:11,0.46843113551070614
1,5214,184, 今天外围暴跌，不用慌，也就是影响下开盘，3259不破就,荒原草丶,08-24 09:11,0.7601515608063808
2,4813,13,话说   大盘8.24盘前,飞石点金,08-24 09:11,0.4749765614707755
3,101,3,记新闻,SanctaSimplicita,08-24 09:11,0.8169657282337809
4,23382,495,赚稳当的钱（8.24周三操作计划分享）,畅享快乐,08-24 09:11,0.14515583910280416
5,52077,1174, “大圣此去欲何！”“踏南天碎凌霄”“若一去不回”“,Rock_C,08-24 09:10,0.26976796454920016
6,1133,12,不畏浮云遮望眼，此处可低吸,八风无痕,08-24 09:10,0.25055132313048056
7,149,2,真的赚不回来了，感觉炒股很难赚到钱了，每次一买就跌,短线森森,08-24 09:10,0.010739065740571818
8,1870,26,对目前A股大盘的技术分析(555)[22-28日走势研判],程楠,08-24 09:10,0.5431318519553281
9,2287,38, 七年之庠，八年起涨！今年夲质属，最后一次金蹲年,谦谦怡,08-24 09:10,0.8764558287473673
10,66,1,老杨【2022.8.24早资讯整理及受益标的】,老杨投资日记,08-24 09:10,0.8207450773620392
11,22113,275,高抛后，现等待低吸,神剑SUN,08-24 09:10,0.2592802728142145
12,1,0,今半导体板块和附属软件科技板块会有反弹机会！银行板,九鼎久,08-24 09:10,0.8001297081718759
13,53,0,今天将在宁德的带领下上冲3000点大关,股友E55z798711,08-24 09:10,0.3956749482667574
14,25,1, 【二进三早盘--指数要有大动作了】指数今天要有大动作,狙哥二进三,08-24 09:10,0.4777620411098418
15,551,28,市场是让炒股人思念的地方，留下多少伤感的痛，那种痛,北京小影,08-24 09:09,0.9992866092566933
16,693,11,8月23日晚间！市场刚传来重磅消息，事关A股后期的行情,鹏哥分析,08-24 09:09,0.4822295565812035
17,745,27, 大盘目前极度弱势，抛盘不断，还会有震荡向下的可能。,股友aEQrk7,08-24 09:09,0.20816794255972548
18,1,0,市场寒风凛冽之时，往往是主力往上攻的时机，今大盘开,九鼎久,08-24 09:08,0.8326024644755374
19,1,0,长安汽车抄底第一人，我只想说，除了狐导，唯一让我叹,基民代表人物,08-24 09:08,0.9110349103237614
20,3844,13,一鼓作气上冲，还是有点难度,八风无痕,08-24 09:08,0.9296356290041992
21,28,1,中国移动采购20000个华为5G通讯手机壳，由数源科技研,沈华东,08-24 09:08,0.36715349608522796
22,107,0,物以类聚，人以群分,廿八天,08-24 09:08,0.4431368814132983
23,38,1,今日1,上上下下3000,08-24 09:08,0.7973720452558202
24,33.2万,6097,上个帖子发布一年多了，目前大盘指数多了300多点。在,熊吃人,08-24 09:07,0.3958951786582102
25,1659,3,8.24  早评  旗手的异动是市场做多的开始么？,不喝啤酒的啤酒肚,08-24 09:07,0.5122636523201538
26,4511,206,【作于东方网络涨停时】,黄金大道kx,08-24 09:07,0.380272498700821
27,14,0,市场利好消息,京居报道,08-24 09:07,0.6978842087381371
28,6,0,8月23日，上证指数小幅低开后，有上行趋势，证券板块,梦染衣,08-24 09:07,0.11638890536882673
29,111,1,昨天下午进场接飞刀，半仓，原因是：飞刀股今天开盘还,诊断者,08-24 09:07,0.056465843054833376
30,38770,1739,想我大A最近这十多天，对持股的人来说，就象是一场灾,西红柿子番茄子,08-24 09:07,0.7186803689934174
31,375,3,大家早上好，昨夜美股三大指数小幅下跌，富时A50拉升0,广东女侠,08-24 09:07,0.022458340995566428
32,3539,40,2022年8月23日A股市场热点梳理+涨停复盘！,鹏哥分析,08-24 09:06,0.9499913364158796
33,12688,52,畜牧行业最低谷已过，进入新一轮上行周期,畜牧ETF,08-24 09:06,0.7362746567198213
34,1035,8,刚刚吃过晚饭，市场传来两条信息，一起来看看：1、任,广东女侠,08-24 09:06,0.20516867476321976
35,10922,447,2022年下半年怎么走？？？,Sax淡泊名利,08-24 09:05,0.18456553786659535
36,13,0, 不知道今儿怎么样。,澶煎敚,08-24 09:05,0.34527875471283087
37,74,1,8.24财经新闻早报1.任正非：全球经济衰退，华为应改变,三万封板,08-24 09:05,0.9795692242706218
38,97017,1077,今日继续震荡上攻,萍踪狐影,08-24 09:05,0.8723353888032799
39,936,32,黄国东：下周很关键，股市预测,黄国东论市,08-24 09:05,0.993938816883545
40,1318,28,股市生涯十余年，从无到有！总结了以下几点做低吸的经,鹏哥分析,08-24 09:05,0.9467223425045297
41,22,0,昨天能源大涨，今天走分歧，正好做主线龙头。目标昨天,漠漠孤烟垂大野,08-24 09:05,0.8565090328463528
42,1,0,高位出现我们小散东财拉萨帮，就代表筹码分散，平常有,接力王者,08-24 09:05,0.6381693375185105
43,33,0,妙妙早盘预判今日—看涨，探取3300震荡区间：3250—33,妙妙小宝,08-24 09:05,0.9998473584017183
44,311,9, 在股市里的典型的韭菜思维,jas123456,08-24 09:04,0.9864571486284357
45,14523,422,返场福利【如果精准找买点】,RocO,08-24 09:04,0.9368536979696874
46,19,0,最近啥情况,自选股之王,08-24 09:03,0.3935742971887549
47,89,1,昨天周二大盘基本维持窄幅震荡整理的格局，昨天说了：,财哥看盘解析,08-24 09:03,0.34189953061731637
48,33,0,本周可以关注人工智能板块氢能源板块相关个股机会,百灵鸟识盘,08-24 09:03,0.18084754165550654
49,16,0,科技强国,橄榄樹,08-24 09:03,0.9527560097998161
50,1683,31,思危，思变，思退！思想有多远，牛市就有多近。股市总,投资之吻,08-24 09:03,0.9694110771066434
51,4082,60,上证指数：行稳致远,星云123321,08-24 09:02,0.42791364294425116
52,26,0,今天继续上涨！,股友eEyEWM,08-24 09:02,0.19999999999999996
53,30,0,宁王带领大盘闯关[上涨][上涨][上涨][上涨][上涨][献,基民pyTOhr,08-24 09:02,0.003249182878217627
54,17,0,注意节奏把握,蒙哥心材,08-24 09:02,0.9314207218221129
55,34,0,今天百分之百往下跌,红绿龙弹焰,08-24 09:01,0.6429335818357281
56,37,0,大盘离变盘时间越来越近了，方向不明。今天大盘支撑32,西索8889429,08-24 09:01,0.960040377294171
57,720,6,午后A股被撞了腰，缓过劲后还会上攻！,庄哥天堂湖,08-24 09:00,0.9463772612649228
58,367,3,两大龙头业绩超预期，大盘冲击3300点稳了！,红火之点股成金,08-24 09:00,0.9021244671547058
59,714,5,8.23收评-指数站上3280又跌破，明天还要横盘继续修复,打板哥老付,08-24 09:00,0.0012805467845163898
60,4654,74, 一针见血：靓仔，我关注你好久了。当都以为明天解禁会,大牛前行,08-24 08:58,0.9809300358445951
61,94,2,大盘我看到4000点！,连涨18天,08-24 08:58,0.9119813122309967
62,28,0,转发,斐然善贾得牛魔,08-24 08:58,0.5
63,3020,32,果然还是银行砸盘！今日巨亏26934元！A股今天的走势我,百万实盘投资日记,08-24 08:57,0.16021955051768177
64,263,1,券商带盘无果，主力当前可能在借警惕杰克逊霍尔央行年,文才武略88,08-24 08:57,0.9764800196755075
65,4090,260,横久必变！！！需要看票的朋友下方点赞留言，闲时一一,前线股指,08-24 08:57,0.9117463234592216
66,1686,27,啥也不说了，严重被套，这些银太坏了...但是我是散户,柳云释8,08-24 08:57,0.1877403644514829
67,71,0,从康龙化成低位减持50亿元看清两个事实！,价值趋势模型,08-24 08:57,0.9212984878904789
68,35,0,获利巨大，清仓撤离,股友037m8D6662,08-24 08:57,0.44767845850986676
69,304,3,于极迷处识迷，则处处醒,瑞秋瑞秋瑞秋,08-24 08:56,0.34819206244668277
70,102,0,狙击作手【8.24早盘】：今天要有大动作！！本号主要记,狙击作手每日直播,08-24 08:56,0.3017950965387125
71,3765,133, 【六十九万平台款炒股的未来……】二二年第九十次交易,疯皇捏盘,08-24 08:56,0.2768624482244203
72,47,0,我的自选股只有新柴没有涨,自选股之王,08-24 08:55,0.8576297303210563
73,81,0,早评：美股微跌，道指跌0.47%，标普跌0.22%，纳指跌0.,好习惯终生受用,08-24 08:55,0.022304133932059655
74,668,70,好事将近，耐心等待[呲牙]，收盘休息。,股虫已老,08-24 08:55,0.33650251110047813
75,1709,34,沪深股市午评8.23：早盘该涨不涨，出现异动，应该逢高,游击战阵地战,08-24 08:55,0.9987026541218099
76,20767,74, 下周总体下跌,安泰_antai,08-24 08:55,0.8438684233308447
77,707,6,交流贴，盘面复盘分析,木子趋势,08-24 08:54,0.9743182763639379
78,63,0,风险提示：A股大盘涨跌风向标：28万亿规模的基金机构,股海翱翔55,08-24 08:54,0.25848283394603444
79,71,0,大家早上好，昨夜美股三大指数小幅下跌，富时A50拉升0,坤阳股战场,08-24 08:54,0.022458340995566428
80,72,0,大家早上好，昨夜美股三大指数小幅下跌，富时A50拉升0,坤阳股战场,08-24 08:54,0.022458340995566428
81,52576,2896,$上证指数(SH000001)$财经新闻,股路漫漫其艰辛,08-24 08:53,0.8835934367469743
82,234,15, 有哪些帮助你炒股的建议？,A巴菲鹏,08-24 08:53,0.08156880986223791
83,55,0,自从来了新三板，我的第一感受就是，我再也不会去主板,消毒到底的消毒液,08-24 08:52,0.4584365774503427
84,44,0,丶2+%%%,空镜头1203,08-24 08:52,0.4737672181921908
85,5358,330,明日还有冲高，谨防冲高回落。需要看票的朋友点赞留言,前线股指,08-24 08:51,0.970862780353936
86,12629,543,进入八月...（08-01）,心依旧_wang,08-24 08:51,0.5294947133879233
87,1352,3,注意！这个方向正在启动！,爱分析的阿利,08-24 08:51,0.6028289476251429
88,887,11,大盘开始日线级别周期回落了，都小心点吧！,抓阄派闪电,08-24 08:50,0.051459379497312496
89,23896,13,周二晚间市场三个消息！,爱分析的阿利,08-24 08:50,0.22984446012543547
90,353,0,看了看其他人的条件单，感觉大多数人没有明白买卖浮动,海底老纵队,08-24 08:49,0.027582020246836425
91,50,0,昨日大盘指数开盘后继续横盘震荡，至收盘微跌1个点。,韭菜集中营,08-24 08:49,0.6452542312359313
92,50,0,[看空][看空][看空][看空][看空][看空][看空][看空],n542613367889310,08-24 08:48,0.1903920788772071
93,112,0,老杨【8月24日早评】昨日突破3280失败，今日继续围绕,老杨投资日记,08-24 08:48,0.9883331067871514
94,46,0,08月24日大盘策略：3285之上加仓嗨皮！3273之上持股待,广东粤意,08-24 08:47,0.17585076673850908
95,4584,39,没有重要利好支撑，今天大盘下跌概率大一些！,小学生听话赚钱,08-24 08:47,0.7892693912557087
96,69,0,一队腾讯阿里碧桂园二队中石油三队蒙牛达利园,n存在与虚无,08-24 08:47,0.8229318499616664
97,507,2,晒收益：小亏两千，宁德大利好对冲二大利空，明天怎么,王智俊,08-24 08:45,0.8140000329595256
98,971,17,临近收盘！A股再度震荡盘整，券商异动拉升！明天市场,鹏哥分析,08-24 08:45,0.15829788716136184
99,48276,754,发帖难，看多更难（8.23周二操作计划分享）,畅享快乐,08-24 08:44,0.04268138005159583
100,42,0,转发,中国哲学院,08-24 08:43,0.5
101,2306,9,大盘本周有望收复3300点,酷拉皮卡小杰,08-24 08:42,0.6734222873025457
102,60,0,今天危险哦,改个名解解毒吧,08-24 08:42,0.6153846153846156
103,999,2,$上证指数(SH000001)$关于有色行情的中长期判断个人认,中色南方稀土新丰,08-24 08:42,0.7715425368755848
104,677,3,$上证指数(SH000001)$有色发力，至少涨十年，大宗商品,中色南方稀土新丰,08-24 08:42,0.6639839310334906
105,203,5,[cp]大盘狗庄做出的图形来分析。正在酝酿一个中阳线或,量能与角度,08-24 08:41,0.9562036173315563
106,9505,132,未来两天,中天华一,08-24 08:40,0.7869852790215652
107,100,1,财经陈译辉天天胡乱预测，都去举报他。他又预判9月1号,股友C59536260u,08-24 08:40,0.23307265720168158
108,49,0,今天的光伏等于昨天的医药，也许比医药还惨，真佩服接,风华正茂丶,08-24 08:40,0.9965770919853176
109,96,1,晚间市场主要有两大利好：一是宁德时代公布业绩爆棚；,蔚蓝尤佳,08-24 08:40,0.9163970820140542
110,1826,0,早谈：原油反弹美股微跌，今天A股大概率这么走,王智俊,08-24 08:39,0.24966699851159246
111,4878,41, 大盘3243上下5个点精准止跌意料之中，明天大盘在3289,今日李财,08-24 08:39,0.8322819606501308
112,192,0,2022.08.24大盘分析,每日缠解大盘,08-24 08:39,0.9031120874702443
113,193,0, 指数今天要有大动作了我感觉今天要有大动作了，正常的,作手狙哥,08-24 08:38,0.7079994523016098
114,69,1, 下来了。,铁血看客,08-24 08:37,0.5262327818078083
115,56,0,乾坤倒转征程第六十八天。友友们，干杯！！！胜的。[,粤P47959,08-24 08:36,0.33554306037229475
116,53,0,本周不需要过高的点位，能在目前点位上成功确认站稳，,STEVEN探索发现,08-24 08:34,0.6752399245097662
117,66,0,11月前不会跌也不可能跌更不能跌,股友3VL7681090,08-24 08:32,0.004447526785243294
118,1204,32,大家还好吗？名和利都是身外之物，淡泊名利才会活得更,白水仙精灵,08-24 08:31,0.7830551898059179
119,620,1,欧美绿油油的一片，我大A今天能否率先反弹一下,三秋一十三,08-24 08:31,0.9819112361435516
120,84,0,昨夜，有色金属板块涨幅居前，贵金属风口即将来临。,奥利奥变奥拓,08-24 08:31,0.8344760549431095
121,71,0,【牛市开始时在盘面的信号？？？】你要想知道很简单，,万泉河小舟,08-24 08:29,0.8896373741363842
122,210,1,8月24号上证指数分时预测图(林烝分时策略）,林烝森林,08-24 08:28,0.9503526197479429
123,429,1,"股道剑心的百万实盘日记，2022.08.23 今日战况：+3,03",股道剑心,08-24 08:27,0.968345150888756
124,1820,70, 在这浅秋的日子，我们希望这浅秋的风不要吹的太大，今,北京小影,08-24 08:26,0.20991529779169904
125,117,0,昨天股指小幅低开振荡探底后回升冲高，然后逐步回落收,孙彦民1,08-24 08:25,0.007125995527775264
126,98,0,8月24号早盘上证指数趋势交易分析分享,石头哥趋势交易,08-24 08:24,0.7182917069765358
127,184,2,月底之前，股票中报要披露完毕，但中报后期披露的有雷,股友999c9F8168,08-24 08:23,0.9931344664817141
128,59,0,$上证指数(SH000001)$,石头哥趋势交易,08-24 08:22,0.5608304540994631
129,860,5,手握现金，迎接寒冬！,牛小散战队,08-24 08:20,0.06185753479563272
130,80,0,今天大盘大概率低开高走，预计红盘10-20个点收盘。电,元问zcyiwk,08-24 08:19,0.26481300689079745
131,93,0,全面注册制已经是确定性的事了，券商板块现在处于低位,低位反弹,08-24 08:18,0.31777087333762977
132,71,0,今天天气终于降下来了，很多地方开始下雨了，电力的紧,说话都带韭菜香,08-24 08:14,0.03423109151597736
133,99,0,本周全球天然气行业风声鹤唳，除了欧美期货可预见的历,murongjinri,08-24 08:13,0.9777025679676843
134,66,0,南钢股份十大流通股东中：１、牛散：熊立武，加仓南钢,青青岛,08-24 08:13,0.8153704356815127
135,72,0,油价五连降，今天新能源车跌停潮！,无当飞将,08-24 08:13,0.038125933854210925
136,133,0,8.24早盘,读之者,08-24 08:10,0.4737672181921908
137,434,4,跟大家讲个故事，踢加1和踢加0的区别。,股友vkRvBA,08-24 08:10,0.007455080734532493
138,70,1,昨天北向资金被咱们大玩特玩的风格漂移和抱团炒作吓跑,对嗜血者以血还血,08-24 08:10,0.7282219882719282
139,734,6,老杨【8月23日收评】下午再次跌破3280，这意味着明天,老杨投资日记,08-24 08:06,0.001935505210841848
140,63,0,//@万泉河小舟 :答读者问：“后市如何”？？？,万泉河小舟,08-24 08:05,0.5185619893133764
141,75,0, 对于指数没什么可说的，依然是震荡调整，节奏上还是快,老A侃股,08-24 08:02,0.6950251946861954
142,100,2,【多粉伪装陷阱1】d,逆水行华亚ruo智暴跌39,08-24 08:02,0.2190005038842523
143,1170,2, #锂电池板块回暖锂矿股领涨#鞍重股份一万吨碳酸锂四季,追求复利2020,08-24 08:01,0.0765481150774232
144,8787,138,调整时间周期预判 ：时间节点8.11， 8.15 ，8.23-8.25,波浪涛韬,08-24 08:00,0.3806290982478706
145,189,0,早评：再次冲击3300！有望突破近期小平台！人狠话不多,吾本将本求财,08-24 07:59,0.706236044735267
146,3938,32,神预测蓝思科技两次屠杀,远离无诚信造假股,08-24 07:59,0.9919713402465251
147,215,0,北水流出91亿，指数不跌就是强，盘中券商一度护盘，但,犇驰17944,08-24 07:59,0.7957385486487306
148,194,2,美国指数小幅下跌，锂电池逆势大涨5%，A股今天锂电池,炒股参谋,08-24 07:59,0.9699984718853522
149,164,0,万丰奥威～“镁”好未来 全球镁合金轻量化产业绝对龙,天通财神,08-24 07:58,0.999471060378625
150,45642,1242,6124后浪型,海纳百川zhzp,08-24 07:57,0.41559215231051627
151,25.3万,7736,龙哥的终极贴：路漫漫其修远兮，吾将上下而求索。紧贴,杭州龙哥,08-24 07:56,0.9945456984298321
152,66,0,多做观测少做预测如有不测要有对策,三千万为止,08-24 07:55,0.9351663049279022
153,67,0,今天收盘3240？,韭菜界传奇,08-24 07:55,0.6429335818357281
154,75,0,昨天北向资金被咱们大玩特玩的风格漂移和抱团炒作吓跑,对嗜血者以血还血,08-24 07:55,0.7282219882719282
155,1458,3,策略丨煤炭畜牧强势上涨，散户基民该怎么操作（附板块,小沐投资笔记,08-24 07:53,0.6187017906239926
156,63,0,宁王万亿市值半年也就赚82亿，一片欢呼，不知哪里值得,张方醒,08-24 07:53,0.8069467733469066
157,439,5, 马前炮，今天上午10.46分享的002689远大智能，当时跌4,爆哥jyzwx88,08-24 07:52,0.09172119912612087
158,542,12, 从此与个股无缘[旺柴][旺柴][旺柴][旺柴][旺柴][旺柴],海底老纵队,08-24 07:52,0.9999178825893774
159,54,0,昨天北向资金被咱们大玩特玩的风格漂移和抱团炒作吓跑,对嗜血者以血还血,08-24 07:52,0.7282219882719282
160,146,0,【股市早评】一、财经消息1、隔夜美股三大指数微跌 ，,三万封板,08-24 07:48,0.6511767600439973
161,60,0,今早忽然狂风大作，气温陡降，开了二个月的空调终于关,无当飞将,08-24 07:47,0.26098571501286927
162,162,0,【股市早评】一、财经消息1、隔夜美股三大指数微跌，,三万封板,08-24 07:45,0.6511767600439973
163,59,0,天时地利人和，今明两天中大阳线，开启新的征程！,技术分析扫地僧,08-24 07:44,0.42604579665715825
164,81,0,大白马来了,百万实盘投资日记,08-24 07:43,0.4737672181921917
165,54,0,今天上证高开,氵盧山,08-24 07:43,0.3400577382350498
166,126,0,隔夜米股三大股指全部收跌，但是a50期指收红，外围环,三万封板,08-24 07:42,0.14657797264909356
167,66,0,今天可能收实体阳，本周最后一根阳线。,绝处萌芽,08-24 07:41,0.24752245040341347
168,65,0,宁德时代业绩比一季度好太多大超预期，今天A股创业板,Wsneve,08-24 07:36,0.653226508791587
169,134,0,沪指假阳十字星，内外资分歧明显,风飞天涯之讯,08-24 07:34,0.5866978212715838
170,125,2,当市场缺乏带头大哥带领冲关的时刻，宁王出现了，来的,强囯梦终会实现,08-24 07:33,0.9065290963562024
171,2227,6,策略|这一迹象表明接下来A股或会突破3300点原因是这个,龙行天下虎呀,08-24 07:27,0.8932475973492314
172,130,0,8.24早盘，乱世出英雄,老朱炒股2,08-24 07:26,0.9648132995963518
173,47,0,从今天开始，沉下心来，认真学习再求回报，感恩遇见，,爱追鱼的猫,08-24 07:26,0.9915759077231657
174,132,0,风险解除！A股今天完整剧本出来了，不管你是持仓还是,三万封板,08-24 07:22,0.8675342859717622
175,339,0,不得不说的一支潜力股,曾书书战记,08-24 07:21,0.49180785435588403
176,177,0,【财经日报】A股弱势盘整创指涨0.05% 燃气板块涨幅居,韭零后投资,08-24 07:13,0.43770900613391395
177,148,3,涨跌个股一半对一半，我拖后腿了，红一绿三，不好意思,生财钵满地孙膑,08-24 07:06,0.004767642503013092
178,257,3, 指数这个位置要决定方向。要么向上，要么向下，向上会,惜天复盘,08-24 07:05,0.9088683393281497
179,81,0, 福田汽车焦点访谈栏目,股友dOzbzE,08-24 07:04,0.793994939040734
180,8187,10,小妹操作：上涨不要追，保持低吸，今天买入这些！,是小妹吖,08-24 07:04,0.07244835195004495
181,84,0, 重磅新闻，福田汽车互联科技央视焦点访谈栏目，今日关,股友dOzbzE,08-24 07:04,0.9927828417799006
182,132,1,2022.8.23天齐清仓，换陕天然气，44手。盈方微没动，,BN凌凌7,08-24 07:02,0.01552883530894078
183,396,1,《打蛇打七寸，抓住华设集团重点之重点》一，大牛市环,阳光半城,08-24 07:01,0.9376585394660989
184,128,2,3300会有反复！2863必破！2400就是底部区域？,赌市无形大手888,08-24 06:59,0.3124074894422183
185,10238,71,横刀狂歌：上周半导体大幅下杀，再次满仓就是我的态度,横刀狂歌,08-24 06:58,0.18924334940162146
186,78,0,周边市场收阴，A股走势独立行情？会吗？,金玉民丰得张无忌,08-24 06:58,0.6947589258607213
187,252,6,真的不能炒股票了，再玩家，车，房都要没了，你们是不,无当飞将,08-24 06:58,0.022554395359524082
188,79,1, 今年反败为胜[拳头][拳头][拳头][财力][财力][财力],年年小余,08-24 06:58,0.03787894862377572
189,502,19,4年了，今年亏30多万，累计亏40多万。。心累。,悟道中2022,08-24 06:57,0.4048928100945429
190,81,0,8月23号收十字星，大A要变盘了.,查尔斯1636,08-24 06:55,0.2382077601354362
191,64,0, $上证指数(SH000001)$,骑着毛驴坐高铁,08-24 06:53,0.5608304540994631
192,1333,5,实盘挑战百万到千万，第6天（8月23日）八成仓,麟神lin1805178,08-24 06:51,0.33026670818997916
193,197,3,下半年估计不会好，慢慢震荡下行，有同意吗？,追风人777,08-24 06:48,0.37305328506343016
194,59,0,今天起来看到一片大草原,苏德铲,08-24 06:44,0.9252921451989614
195,62,0,宁王家人们，540以挂单,打板异族,08-24 06:41,0.1454975198960563
196,106,0,宁王千万别高开低走砸！！！今天突破3300概率大！高标,财源多谋地任我行,08-24 06:39,0.37420356896942164
197,73,0,牛肉，我没吃到，吃到牛S了。,永不言败得宙斯,08-24 06:37,0.008479750641705475
198,150,2,关注：中材节能，道明光学，中恒电气，凯撤文化,点股成宝,08-24 06:31,0.6708542584591429
199,84,0,今天继续关注——光伏，BIPV，油气，传媒，证券有震，,骑扬满斗地江浩,08-24 06:28,0.5143428193670739
200,537,1,永泰能源上半年扣非净利增长138% 煤电主业向好加速布,股友iI9oZN,08-24 06:27,0.005632705283288186
201,309,0,《工设板块最低估值：华设集团，历史底部14个月换手67,阳光半城,08-24 06:26,0.2536090201502462
202,245,1,全国广大最微个体投资人注意,共同润,08-24 06:24,0.9447992739074403
203,107,1,今天百分之二,空仓等待一年一买,08-24 06:19,0.5
204,2988,61,[护城河][护城河][护城河]今天探讨一些怎样做好市场交,st涨停大户,08-24 06:18,0.9999942648882656
205,375,7,大盘在预期降息及中字头大金融航天船舶带动下,龍飄四海8,08-24 06:16,0.972243033318293
206,121,0,第一波元宇宙公司发不出工资了，影创科技被曝欠薪200,jinsuiren,08-24 06:11,0.9742668638109246
207,2045,11,8月24日操作提示,波段1套利,08-24 06:03,0.07473581801125584
208,1689,0,【欧奈尔每日市场回顾-22/08/23】市场状况为上升趋势,威廉欧奈尔,08-24 06:00,0.9991115634393545
209,80,0, $上证指数(SH000001)$,懒惰的韭菜终结者,08-24 05:52,0.5608304540994631
210,123,2, 在老家看了大半年，是时候出来赚点钱过年了,恭喜发财068,08-24 05:51,0.29107871118891016
211,276,5,该跌不跌告诉我们旱地拔葱是大概率事件【太极8.23盘局,股林太极,08-24 05:51,0.18763018259076336
212,880,9, 今天盈利544一共43只红20只绿23只今天新开仓了两个票,大侠五哥,08-24 05:51,0.00795776023103989
213,81,0,走我们自己的路，健康发展。,Iyedfg,08-24 05:40,0.9731017022283824
214,705,1,形态的分析,富可纳福的潘乘风,08-24 05:32,0.9650461978567052
215,237,0,读贴有感220823,没事来聊聊,08-24 05:30,0.8665842336257084
216,796,3,大家有没有发现，同花顺有些板块走势公然造假，比如消,jn股市一哥,08-24 05:28,0.020199118350570977
217,185,3,亏钱的时候大几千，赚钱的时候几百几百，看样子真的不,清晨888,08-24 05:20,0.17395659685079712
218,447,8, 这个人说话真恶心呐。说什么狐狸预测的分析？真恶心。,量能与角度,08-24 05:16,0.9182015901467756
219,131,1, [图片],woof左右逢源,08-24 05:11,0.5826086956521737
220,2767,188,6012220022703005076031056039016035786006,卖酒人徐,08-24 05:03,0.5
221,616,2,【22-8-23晚】北上资金疯狂流出近百亿，不影响后市向,宽客苏,08-24 04:46,0.8054519327703488
222,6805,18,在不确定中寻找确定性,熙凤吖,08-24 04:29,0.8720946965750366
223,950,24,技术分析-MACD在8月2号给大家做了一个KDJ的一个普及。,富可纳福的潘乘风,08-24 04:20,0.5215984562594237
224,119,0,粤桂股份,吞噬星空少将罗峰,08-24 04:15,0.5933258601462934
225,63074,88,今天是8月22号，晚上19点35分钟，刚得知三大消息，马,股侠钟超,08-24 04:01,0.0026089707200315226
226,208,2,一句话，悲观者正确，乐观者赚钱！什么时候没有困难的,牧童黑白马双骑,08-24 03:58,0.7306156845659003
227,640,3,技术分析总结很多人也许误打误撞地进入了股票交易的市,富可纳福的潘乘风,08-24 03:58,0.9729410206636707
228,17.9万,2897,以后10年的炒股建议。做多中国。远离美国,小草田伟,08-24 03:56,0.2921097048796144
229,1722,39,日线波动区间估测！,陆亦佳2198,08-24 03:55,0.8678569536144253
230,298,0,技术分析此技术分析。为布林线，看懂布林线。对于一些,富可纳福的潘乘风,08-24 03:54,0.9964240713297036
231,112,0,中国平安5元钱时代才是正常，价值投资,幸运同行,08-24 03:39,0.6937298566156922
232,3927,76,一夜之间风向变了。今盘咋走，权重说了算，高开多少？,北京小影,08-24 03:33,0.13503919645077356
233,316,0,习酒借壳进入加速期！习酒的控股权一分为三：@茅台18%,足智成章的花无缺,08-24 03:24,0.27091681843136994
234,360,12,吧里股友推荐了振华股份，603067代码，这个票今天创了,炒股参谋,08-24 02:43,0.8646561432460875
235,785,6,购买厚普股份理由，目前17元，目标价150元，还有8倍。,看好努力奋斗企业,08-24 02:38,0.833326832178141
236,2679,0,南都电源与中国铁塔合作！,赛萨联造热者,08-24 02:29,0.3738719144074899
237,119,0,马斯克宣布将于9月30日推出人形机器人进行投产！,赛萨联造热者,08-24 02:26,0.04618990371053178
238,1468,5,人形机器人是未来！改造火星先开者！,赛萨联造热者,08-24 02:23,0.7447039031382267
239,6039,20,燃油车 VS 新能源车，后期维修，谁更省钱,趋势与取舍,08-24 02:20,0.6408570459212675
240,3481,102,明天这跟阳线不被击穿安全，击穿不看好，仓位控制好等,荒原草丶,08-24 02:18,0.1487762141863499
241,326,0,重温二十年前的任老讲话[微笑]《华为的冬天》公司所有,牧童黑白马双骑,08-24 01:45,0.9377372944469382
242,2699,38,周末愉快。近期蛇口就是比保利强温式就是比牧原强。至,兔兔爱吃鱼,08-24 01:45,0.98284494961486
243,118,0,市场高度再次压缩，有人比做是砸锅行情，连板到现在都,n586713332698476,08-24 01:43,0.39825356817199165
244,2608,9,A股，企稳上行,欢喜老船长,08-24 01:43,0.41882475614341685
245,110,0,#“锂王”涨停回应锂价分歧#胜利精密全市最便宜锂电池,股友f0829158k0,08-24 01:40,0.9994143074422606
246,106,0,#聚焦热门中报解读，挖掘隐藏投资机会#胜利精密全市最,股友f0829158k0,08-24 01:40,0.9996329494154097
247,3230,57,今天8.12号周五这是说大盘指数的最后一贴了然后暂时封,soemke,08-24 01:36,0.20251522669768618
248,6050,44,《趋势哥收盘复盘》2022/8/19，记录下今年短线交易，,趋势哥大侠,08-24 01:35,0.8661233437015977
249,115,0,中国移动采购20000个华为5G通讯手机壳，由数源科技研,A200818A,08-24 01:34,0.36715349608522796
250,112,0,我只想说，除了狐导，唯一让我叹为观止的神，每个月就,基民代表人物,08-24 01:33,0.1140838195186068
251,122,1,成交量低迷，说明大量散户被套，离场的人越来越多，庄,花开暴富得游坦之,08-24 01:29,0.8963768955300063
252,584,7, 这星期白玩了[怒],多狗拖院长,08-24 01:28,0.2851144413041392
253,132,1,华为都有可能倒，那小盘股还能活吗？答案呼之欲出,获利盘与套牢盘,08-24 01:27,0.9351879457893412
254,10114,45,阿狸复盘8.22,阿狸复盘,08-24 01:26,0.26087100277175
255,99,0,中石油涨到二十四块左右，5OO0点可以滴,辛勤工作地白羊座,08-24 01:26,0.5544003758125461
256,306,4,现在就是整个A股被新能源光伏绑架了，其他板块一旦拉,我的天啊2,08-24 01:22,0.06228092674050045
257,1946,44, 看图，本周我的进账！2022年08月13日。,高回低买,08-24 01:18,0.023970047697880803
258,243,8,2：30砸盘，别拦着。,股友999c9F8168,08-24 01:11,0.27224837561035486
259,3016,4,操作贴:券商拉动大盘，主流板块还有希望不？,小苹果滴滴哒,08-24 01:08,0.8175285736541917
260,538,4, 大家好，今天指数已在站上二十均线并回撤一下二十均线,陈哥实战,08-24 01:08,0.14322857958770696
261,112,0,上证指数永远也到不了5000以上了，发行那么多股，指数,和气广进地何书桓,08-24 01:03,0.5389128497163131
262,330,0,老美的做法真是，，，刷屏！任正非高喊“活下来”，称,牧童黑白马双骑,08-24 01:02,0.7819984026830071
263,264,1,任正非：全球经济长期衰退华为要把活下来作为主要纲领,赢盈乐,08-24 01:02,0.8586745033057992
264,1811,31,（8.15-8.19）每周一贴，盘中更新，只做个人判断记录,股海沉浮一世乐,08-24 01:02,0.5922944234995807
265,2041,16, 长得比我还帅。,大牛前行,08-24 00:59,0.5473395977492972
266,211,3,安正时尚(SH603839)$10派5？？牛逼 $安正时尚(SH60383,KL百事可乐29273,08-24 00:56,0.9994920118298897
267,2469,41,开个帖子来说一下短线和中长线,立于晨,08-24 00:56,0.5108134921264859
268,195,3, 挺不错，挺励志的呀！,牧童黑白马双骑,08-24 00:49,0.9704749984684804
269,362,7,外资百亿出货，内外双杀,高追低卖,08-24 00:49,0.8221778638517373
270,4914,12,今天是8月23日，现在20点08分，得知股市有3条重要消息,股侠钟超,08-24 00:47,0.024290738534637257
271,149,2,多少年了依然还是熊市！对得起鸡还是对得起鸭？,快乐云端,08-24 00:45,0.9848729742757589
272,11195,654,关键位置已破！下周一还有下探，关注3266点位，需要看,前线股指,08-24 00:43,0.8842092258467733
273,467,3, 研判、精选、建仓，准备好了吗？[微笑],赢盈乐,08-24 00:40,0.9475969913729486
274,122,1, 为应对全球变暖，英国己使用HⅤ0生物油替代普通柴油！,股友3wjVBh,08-24 00:37,0.9968357858118148
275,118,0,明天碳排放，碳中和概念，绿电等概念开启上涨。,敢暴跌我就买,08-24 00:35,0.21981618255579993
276,4960,1,8月24日打新：STBX上市吃肉，JZ恢复招股；转债组合创,小牛记事本,08-24 00:29,0.019322396702798894
277,5229,16,新旧能源领涨，券商异动，药酒砸盘，又是上车好时机，,大眼海豚,08-24 00:26,0.21648765207913168
278,4526,19,目前大盘正处于三浪上升中，其实到今天为止，市场现在,极致TYT武艺奇艺,08-24 00:25,0.9663518203939088
279,232,0,主力回流助攻力度有限，明天仍需谨慎|资金眼日评2022.,资金眼,08-24 00:18,0.9198045152125938
280,112,0,为应对全球变暖，英国己使用HⅤ0生物油替代普通柴油！,股友3wjVBh,08-24 00:18,0.9968357858118148
281,98,0,上半年经济并不容易，在人家各方面感扰下取得这个成绩,牧童黑白马双骑,08-24 00:15,0.5921764614394022
282,7603,259, 市场很强,酒无常山赵子龙,08-24 00:15,0.8896616838551225
283,4688,5,周二继续逢低吸纳低价筹码，回调是加仓好机会！,江门财富,08-24 00:10,0.8378257651049654
284,785,24,目前三只票走势极其磨人，但不代表走的不好，对人的意,吉祥广进风清扬,08-24 00:07,0.04187464298581878
285,210,0,大盘会涨吗？,股吧 ,08-24 00:05,0.7743161439740393
286,501,0,天道酬牛！下周一铁牛三债有木有惊喜？众泰重整迷雾或,赚得顺,08-24 00:01,0.7164344937010222
287,2027,3,大盘走势分析1：今天大盘探底回升后有冲高回落收了根,波段视觉,08-23 23:59,0.33172023678259777
288,632,13,#半年赚120亿，通威股份化身印钞机#股价天天跌！,农场地主,08-23 23:58,0.34041085662607573
289,108,0,股民就像石缝间的生命，让你从石头缝看到希望的永远是,牧童黑白马双骑,08-23 23:56,0.9493891075892716
290,5659,23,A股，有望完成调整,欢喜老船长,08-23 23:52,0.2317824971490381
291,6547,33,当前行情需要带头大哥,熙凤吖,08-23 23:46,0.890142453148024
292,129,0,建设机械的锅盖即将盖上，太可怕了，这股聪24元跌到5,股东做短线,08-23 23:45,0.0002665369762835379
293,88,0,好标的，今天迎来了第一支涨停[旺柴][旺柴][旺柴],喜欢操底怎么办,08-23 23:43,0.9737737246692467
294,2477,4,追涨杀跌？北上资金狂抛药明康德，医疗何时才能抄底？,小尘理财,08-23 23:43,0.6050922423773347
295,79,0,华为都有可能倒，那小盘股还能活吗？答案呼之欲出，注,获利盘与套牢盘,08-23 23:43,0.9459725517774266
296,1173,7,小心下周月盘收官周机构杀跌：,股海翱翔55,08-23 23:43,0.0016292576000650483
297,514,0,悲观到极致也就乐观了,三天俩涨停,08-23 23:42,0.9500283549832605
298,1427,6,白酒又跌险守生命线不用慌，明天反弹概率很大,老基友教你投资,08-23 23:42,0.17496379508452997
299,93,0, 做人痛苦的根源就是理想和现实的差距；填补这差距的是,狙击主力训练营,08-23 23:39,0.9970541756778667
300,207,3, 今年的钱格外好赚。,岁月终将流逝,08-23 23:38,0.26319626727130585
301,1102,9, 9月1日低点,安泰_antai,08-23 23:37,0.09792086219178009
302,320,12,我明天出数源了。目标价已到！[憨笑]看到的是缘分,天路烟尘庄小娮,08-23 23:37,0.10148277386073601
303,3666,73,今晚帖子有点晚了,人称苏半仙啊,08-23 23:37,0.13471880864660457
304,92,0,华仪600290公司是好公司，经营的产品也是好产品，公司,股东做短线,08-23 23:36,0.7233780370622975
305,229,5, 2022.08.23今日盈利200，券商又要雄起了,小梅牛,08-23 23:35,0.8273164060619652
306,5134,73, 今天盈利4281礼拜六礼拜天两天也没有闲着养了12年的小,大侠五哥,08-23 23:30,0.054601986883453746
307,102,0,华为都有可能倒，那小盘股还能活吗？答案呼之欲出，注,获利盘与套牢盘,08-23 23:30,0.9459725517774266
308,4501,7,光伏继续涨，今天能加仓吗？白酒、医药跌跌不休该怎么,是空小白啊,08-23 23:29,0.08480048773598448
309,1488,32,中午收盘，券商态度已经很明确了，下午突破3300点！今,广东女侠,08-23 23:28,0.9643394689985602
310,93,0,麻烦八月跌一下，我预测七月阴，八月阴，九月最低微破,莫名其妙被改名,08-23 23:27,0.8633915345258664
311,111,0,执迷不悟是一种路径依赖现象,沉睡的号角,08-23 23:23,0.9124313628822776
312,117,1,今天没什么多说的，属于打酱油的一天,十年一剑2016,08-23 23:22,0.3469898106307897
313,5539,131,$恒生指数期货主力(HKINDEXF|HSI_M)$7月终落幕，如本,短线博弈008,08-23 23:21,0.6981554209352566
314,1087,2,炒股，一旦在高位出现这8种信号，不要犹豫赶紧离场，,炒股养家56888,08-23 23:17,0.9037474406914977
315,126,0, 明日预判,国际笨笨,08-23 23:17,0.7826653358894131
316,481,15, md，北向资金上周进了59亿，今天下班打开手机一看，一,湘A操盘手,08-23 23:17,0.8985732771473255
317,134,0, 一图读懂杭州银行2022年中报（机构抛弃招行买杭州银行,徒步滚雪球,08-23 23:15,0.2642543688149209
318,3625,8,隔夜外围集体走弱，A股今天又是逆势反弹？,趋势与取舍,08-23 23:15,0.604023880552952
319,1036,5,上证指数：下周考验3200-20之间的支撑作用！超级主力,菜农择匠庄,08-23 23:15,0.8352767119041692
320,5488,329,3284，关键位置！需要看票的朋友点赞留言，闲时一一回,前线股指,08-23 23:15,0.9744733276152676
321,5991,292,明天冲高回落，留上影线。需要看票的朋友点赞留言，闲,前线股指,08-23 23:15,0.7315512700657685
322,5401,301,注意，变盘在即！需要看票的朋友点赞留言，闲时一一回,前线股指,08-23 23:15,0.9192216108037222
323,357,6,存量资金涨跌轮动,金苹果JN,08-23 23:15,0.7265429700462517
324,67,0, $上证指数(SH000001)$,M51L00股市小庄家,08-23 23:15,0.5608304540994631
325,1043,9,指数今天反弹还是缩量的情况，没有放量自然高度有限，,登顶PLY久幺吾韭,08-23 23:12,0.6748166034224041
326,62,0, [图片],股市李鬼,08-23 23:10,0.5826086956521737
327,275,0,2022年8月23日（周二）解盘,简单讲一下,08-23 23:10,0.024894387631588133
328,62,0,今天个股没有暴跌。那明天个股补跌，明天底开低走,标致的射手,08-23 23:09,0.015339996852937743
329,137,4,我一加重仓，大盘就会暴跌，我现在一直忍着不加,股友818e0w5910,08-23 23:08,0.18387089738699447
330,78,0, 梦醒了！！！！,魔法小猫,08-23 23:06,0.4458369762577955
331,72,0, 请问这是为什么呢？为什么指数都不一样的？[摊手][摊,yanfa20182337,08-23 23:06,0.04978725318932942
332,62,0,有哪些曾经的白马，蓝筹现在还跌成的,周2年3,08-23 23:05,0.9298994758705798
333,1113,7,夜已深，关于明日A股的行情，我想再强调几句，请大家,广东女侠,08-23 23:05,0.7042230679317568
334,84,0,豫能控股，长春燃气，新潮能源三剑客。东宝生物，上海,股市李鬼,08-23 23:04,0.05676308489223569
335,65,0,垃圾也炒上天了退出见好就收不玩了,吉祥如意地左冷禅,08-23 23:03,0.007299905437735177
336,50,0,干,好牛背,08-23 23:01,0.25210084033613434
337,140,2, 八月底就看能源天然气的持续性了,恒指zxc2v3t6,08-23 23:01,0.6050201160444371
338,5508,112,个股暂不建议抄入，大盘調势未尽。,吉祥广进风清扬,08-23 22:58,0.005776310320828815
339,136,1,尾盘拉升[想一下]老乡别走我还能砸[色][色][色],逢低不空逢高不多,08-23 22:57,0.00014595795760186103
340,95343,538,今日莫慌,萍踪狐影,08-23 22:57,0.890142453148024
341,694,3,对于上证指数来说，最主要的位置就是3230这个位置，只,蔚蓝尤佳,08-23 22:57,0.8841816868158251
342,28338,35,今天是8月23号，截止早上6点10分钟，有3条重要消息，,股侠钟超,08-23 22:57,0.0026650255132750766
343,160,2, 本周结束，目前两个交易账户稍有获利！下周以稳为主，,飞哥短线,08-23 22:56,0.30443941090558
344,72,0,听说明天互联网国产软件云计算大数据可能有异动[为什,不看空不看多N,08-23 22:55,0.9098093935669146
345,55,0,转发,股友29895Gu232,08-23 22:55,0.5
346,82,0,打短，今天明新四个点跑了，对于我这种今天买明天卖的,桂林大吊哥,08-23 22:54,0.22978014623748821
347,130,0,本轮大周期判断一，全面大涨概率：极小原因：国际、国,无影95,08-23 22:52,0.6004395455988831
348,101,2, 股票高开高走低开低走一点都不影响散户吃面,博乐金升,08-23 22:52,0.2620843681963937
349,308,3,大盘这里还不是无脑蛮干的时候，接下来必须强势，如果,我是香克斯,08-23 22:51,0.2564042284315615
350,92,0,就像通威向下游组件进攻一样，发电企业一定会向储能进,人生苦短淡然处之,08-23 22:50,0.5380687407191697
351,81,0, 明天能给个一字么,阿专龙头,08-23 22:50,0.2845935741427815
352,1117,7,st天润重见光明会进入倒计时吗？？？？？敬请拭目以待,智者兵法,08-23 22:50,0.8519166863439797
353,501,1, 在疫情之下，软件稳定增速10.3%！,雾海渔夫,08-23 22:50,0.7286855075908646
354,472,2,收评：市场方向，还是在光伏锂电电力能源今日市场震荡,好习惯终生受用,08-23 22:50,0.3020742523461528
355,118,2,主力资金抛弃了新能源，锂电池，钠电池，半导体等！重,YLSFGPDX,08-23 22:49,0.8886024031009091
356,484,10,A股生存录之每日总结（2022年8月23日）,鹰兄本色2030,08-23 22:49,0.6294587739675263
357,9794,53,虚拟现实题材个股投资机会之分析,乐少侠,08-23 22:49,0.9935787829665345
358,1002,4,很多朋友喜欢打板，打板的确赚钱很快，但同时风险也很,蔚蓝尤佳,08-23 22:47,0.9910353523072751
359,57,0,#聚焦热门中报解读，挖掘隐藏投资机会#,年年暴富地丁春秋,08-23 22:46,0.997717308992607
360,2970,37,提醒一个风险，今天st盈方恢复上市，大概率上市即巅峰,陈浩南2022,08-23 22:42,0.3081576290941833
361,73,0,倒车接人，赶紧买票上车！,生机成章地邀月,08-23 22:41,0.031112991257311484
362,223,3, 按120分钟级别目前均线及下方macd形态看，个人认为…,炼炼8,08-23 22:41,0.29692411176055555
363,1150,14, 早盘量能和上周五基本持平因此全天量能至少在4200亿以,乐奇东尼,08-23 22:38,0.34666438154064394
364,1072,19,前贴提到过的暴风骤雨会出现在戊土段,玄维时空,08-23 22:37,0.8617711756542016
365,785,4,st天润崛起之势已经进入倒计时刻'？战将们持有的千万,智者兵法,08-23 22:36,0.11234905941705586
366,356,6, 帮我看看，买的是不是多了点。留那个,开朗得樱木花道,08-23 22:34,0.2903569406106148
367,4350,6,白酒、医药、军工等调整，又给机会了?今日加这个,yi只小鱼,08-23 22:32,0.9637038510005436
368,174,1,全场结束！拒绝下跌，彰显出A股的韧性神通广大。1、开,从股论基,08-23 22:31,0.043779480098792956
369,176,4,今天只赚到一万块差评！震荡市，震到九月底再说吧,西郊蛇王,08-23 22:30,0.009111866843809824
370,105,1,外资开始布局权重了，真聪名[赞],伪命题散户思维,08-23 22:25,0.6199399688624952
371,1401,2,晚间消息面解读|公募老将减仓券商加仓新能源 意味着什,龙行天下虎呀,08-23 22:24,0.9867082249905501
372,161,0,还是持续关注锂电,价值投资看人性,08-23 22:24,0.8709225860250258
373,767,23,2022-8-22大盘短线3278压力考验3251长线支撑，周支撑3,古东昇,08-23 22:24,0.9622926726541854
374,493,1, 今天北向资金在竭尽全力做空是决战吗？,jas123456,08-23 22:22,0.9900141274404618
375,26557,715,聊几句，能慰藉（8.20晚）,畅享快乐,08-23 22:21,0.4666515974321116
376,2781,14,短期风险加剧，大盘调整幅度可能超出预期,跟紧热点,08-23 22:20,0.32334084781152117
377,1174,24,收盘，券商再次带头上攻，大盘依然无法突破！然而盘面,广东女侠,08-23 22:20,0.9430726652224891
378,148,2,继续看涨煤炭股很简单，水电出力太少，支撑了煤炭需求,影春秋,08-23 22:19,0.45179167420077204
379,256,4,希望大盘一直绿，反正我也不玩了[坏笑],花开暴富得游坦之,08-23 22:18,0.4029377315033036
380,371,2,特高压，电力能源行业，盈利稳定，上涨趋势，短线两次,LeueL8,08-23 22:17,0.09864143854586727
381,410,0,夜已深，关于明日A股的行情，我想再强调几句，请大家,坤阳股战场,08-23 22:17,0.7042230679317568
382,202,0,【公司利好】2022.08.23 星期二,韭零后投资,08-23 22:13,0.24545576230364474
383,67,0,内啡肽、内啡肽，痛苦的抑制清醒的释放。刚开始学习的,善于思考是否,08-23 22:13,0.9839847154203198
384,69,0,转发,股海人生6666,08-23 22:12,0.5
385,88,0,#“锂王”涨停回应锂价分歧#从K线上看，新能源电池股,股友09y5h81552,08-23 22:10,0.7616372143793249
386,67,0,解套王,云都m,08-23 22:10,0.9415632280801207
387,288,0,823正经人交易日记,股市小晓生,08-23 22:08,0.817003645226358
388,84,0,北上资金走出100亿，降了0.05%，终于走上成熟之路。,股友15q377O725,08-23 22:07,0.992992833512706
389,87,0,储能概念买起来，送钱行情,光芒66,08-23 22:06,0.95844044554383
390,3761,22,美股又大跌 难道今天A股又悬了？我的看法不一样！,百万实盘投资日记,08-23 22:05,0.13202141546347101
391,110,0,#聚焦热门中报解读，挖掘隐藏投资机会#我从来不相信业,时空亡灵,08-23 22:03,0.9993731255658123
392,90,0,大盘又要决定方向了，能源股起不来，大盘也费劲。,勃艮第京,08-23 22:03,0.0789706758342219
393,374,1,刚刚吃过晚饭，市场传来两条信息，一起来看看：1、任,坤阳股战场,08-23 22:03,0.20516867476321976
394,155,0,高控盘，严重低估！这么优秀（今年至少一元以上业绩；,A敬畏之心A,08-23 22:02,0.97721728454061
395,256,10, 60分钟的均线排列很不错啊[呲牙]，乐见其成,股虫已老,08-23 22:02,0.2880992161700835
396,1192,20, 你要做的就是别人换不掉的，那你做不到怪谁，就是你自,股友kou980516,08-23 22:01,0.028483694119117886
397,1555,19,华为的目标是活下去，大盘的目标是多少？,红火之点股成金,08-23 22:01,0.9722276595012889
398,1656,27,逝去的青春----《我在股市三十年》纪念篇,k线之吻,08-23 22:01,0.999988246689451
399,815,3,8月15日操作分享：新发基、军工、医疗、医消混等,安娜理财,08-23 22:01,0.06451519470470413
400,95,0,"T+0,T+0,T+0,T+0,.唯有T+0才能治愈大A，散户是最受伤",小阮阮取经,08-23 22:00,0.9485018393873678
401,81,0,拐点已至，上仓位,涅槃老二,08-23 22:00,0.42351873881327695
402,2473,59,股海中，一是找几只好股，二是做一个耐心的人。博弈往,投资之吻,08-23 21:59,0.2025378481069834
403,74,0,煤飞色舞，化工暴走,虾炒鸡蛋,08-23 21:59,0.5670461639188666
404,424,0,大盘回踩，板块创新低，大家抄底了没有？要注意这一点,小羊得亿,08-23 21:57,0.25009125451458813
405,2768,16,能源危机叠加极端天气，氢能源要飞上天,跟紧热点,08-23 21:56,0.06031300148058594
406,170,0,今天大家注意摩根大通的消息了吗？一、【摩根大通预计,短线操之盘手,08-23 21:56,0.04772606259671619
407,1258,30,哈哈哈哈.神奇不..服不...是不是跟预判走势一模一样…,天意_NICAI,08-23 21:54,0.2429688396972206
408,66,0, 明天看新能源车的表现了[发财][发财][发财],连涨18天,08-23 21:54,0.11151961132731136
409,311,2,【2022.08.23复盘】感冒了又喝多了是真的难受,A股市场情绪拆解,08-23 21:48,0.08114581764653317
410,15724,1055,【第六篇.恺英的后期走势？】,黄金大道kx,08-23 21:48,0.726184205187621
411,85,0,大部分新能源汽车企业都亏本啊，是技术不行还是说电池,泰迪多盈利,08-23 21:48,0.011345303620058922
412,74,0, $上证指数(SH000001)$,骑着毛驴坐高铁,08-23 21:47,0.5608304540994631
413,454,0,半导体调整，后市的趋势如何？,宁语财经,08-23 21:46,0.714819630317075
414,75,0,明多云转阴,艺海生辉,08-23 21:46,0.4737672181921908
415,664,0,大盘上涨无力，修复无力，下跌也基本无力属于横盘调整,王德发的布谢特,08-23 21:44,0.189774267208782
416,159,0,投资赚钱须重仓~！股票投资中，很多散户赚过50%、100%,坤阳股战场,08-23 21:43,0.9600283575152947
417,4851,17,2022.8.20周评：后半年投资机会已经到来，阴线就是买,加油吧铁子,08-23 21:42,0.9240989336213464
418,94,0,石油一涨万股枯,事件投资,08-23 21:42,0.12203372150399505
419,734,4,看看2500买茅台的或者2000块买茅台的，现在多少有点儿,卧龙说股到金,08-23 21:42,0.3205439446163699
420,227,0,股吧的评论 就这样影响了你的决策,京智木,08-23 21:42,0.41719131794661934
421,437,0,新能源车翻红，机会来临了吗？,大财财经,08-23 21:42,0.6972534877358672
422,1092,0,我去啊，这真的业绩逆转，没想到啊[色]宁德时代2022年,趋势交易的宣小妹,08-23 21:41,0.8394205701516599
423,141,3,明天新能源股大幅下挫带绷大盘,爱运动得丝诺,08-23 21:37,0.009785474486166956
424,81,0,大盘在20日线上缓缓振荡，等待消息面的转好！,CCXXFF,08-23 21:36,0.7455672915711541
425,302,0,8月23日回顾及8月24日预测,铁血看客,08-23 21:35,0.5520529942731729
426,879,9,《能源时代及未来主线》,真阳星君,08-23 21:34,0.8892034811277977
427,60,0,转发,正年轻之将军百战,08-23 21:34,0.5
428,71,0,转发,K8K8K8,08-23 21:33,0.5
429,64,0,明天向下变盘,恭喜暴富的诸葛亮,08-23 21:32,0.2669748115108529
430,113,0,#聚焦热门中报解读，挖掘隐藏投资机会#联创股份业绩大,YLSFGPDX,08-23 21:30,0.9999443925504579
431,85,0,明天上午指数不去拉升，就要回调，控制好仓位#“锂王,一米阳光辉煌灿烂,08-23 21:30,0.6175771555452232
432,366,0,明天上证大盘走势推演，大方向看涨，但还有回调3240下,缠论波浪,08-23 21:29,0.12250916080794783
433,88,1,明天大盘必上3300,改名求中签如意,08-23 21:29,0.76026435072177
434,60,0,逆是主流。,STECFFM,08-23 21:29,0.9304390473873692
435,84,0,明天可能反包大阳线，也不排除继续下杀的可能，当然目,工藤新e,08-23 21:29,0.044808413739467534
436,4387,48,基本面为本，技术面辅助,Nico酱炒股l,08-23 21:29,0.766762621673963
437,87,0,理性的投资者会不会买雅化集团?为什么？,俚夫摸尔,08-23 21:27,0.9774967781216192
438,68,0, 自我喝彩，王婆卖瓜！今天跌了！,泽润东方12751,08-23 21:26,0.05837509830669363
439,1308,37,8月,知难而行,08-23 21:25,0.32533265027251934
440,260,2,炒股太难了，假设有工作有饭吃绝对不干，不是人干的工,雨股痴,08-23 21:24,0.012659603997365099
441,110,0,我只想说，除了狐导，今年唯一让我叹为观止的神，每个,基民代表人物,08-23 21:23,0.18158421584724016
442,18800,519,今晚减持公告，短期利空（情绪上），中长期利好。基本,Rock_C,08-23 21:22,0.8553579757126012
443,1155,1,大a缩量成交10023亿收绿盘，证券冲高回落上涨乏力，变,申公股评,08-23 21:21,0.013144584762602163
444,2397,80,这个月过完，入市三年整，身心俱疲，做股票怎么这么难,永不服输张大胆,08-23 21:17,0.8348545668372496
445,198,7, 光伏还有很大发展空间，我们的山头非常多。,foobar2000v143,08-23 21:17,0.9630558540305533
446,417,0,A股面临新方向选择！题材热情有所下降，机会在哪里？,骑牛看熊,08-23 21:17,0.9955757773010727
447,6093,28,重要提醒：白酒调整结束，周一看涨,酷拉皮卡小杰,08-23 21:14,0.12217299367941692
448,2637,9,医疗板块又又又崩了，该如何自救？,洛小时,08-23 21:14,0.8753682410220773
449,77,0,明天就是破3300的日子[加油],一切皆为因果,08-23 21:14,0.8652836770749172
450,77,0,明天大盘收盘应该涨百分之0.70左右[呲牙],股友ze0ZWQ,08-23 21:11,0.8891515975770853
451,122,2,指数几乎没波动，自选股却跌的惨不忍睹，不会只有我一,股友7309983A5q,08-23 21:11,0.11241293288876686
452,667,2, 上证指数空方两拳，多方还以一脚，算是扯平了，明天继,jas123456,08-23 21:10,0.5370562074402176
453,429,1,这一波不知道要跌到哪了,渡_六尘,08-23 21:10,0.1225328364896422
454,5105,129,新开一个贴，今天精准逃顶南方精工,立于晨,08-23 21:10,0.8802489546568505
455,2869,34,22日下周一下跌，周初下跌做好头肩底后，开始3浪,于上云天,08-23 21:09,0.6702635183680595
456,76,0,全球煤，天然气价格再创新高,股友stCs3N,08-23 21:03,0.29762933498527966
457,615,1,震荡格局下该怎么操作,毛毛628,08-23 21:02,0.22363306523568005
458,1031,35,继续哈，这么震荡看能多久[呲牙]。周末愉快，休息哈[,股虫已老,08-23 21:00,0.2932926763452849
459,174,0,【欧奈尔每日市场回顾-22/08/23】光伏设备、电力、航,威廉欧奈尔,08-23 21:00,0.9962735374675095
460,264,1,房地产该启动了,感谢有你清风扬,08-23 20:59,0.6698410792633102
461,955,0,8.23 龙虎榜--大佬集体清仓，家人们扛下所有！,苏式龙虎榜,08-23 20:57,0.9387172143151776
462,99,0,银行股市净率只剩下0.4-0.5.而老股民的经验，上证指数,八十年韭菜精,08-23 20:57,0.9114773113084772
463,548,2,格林达的综合竞争力如何？,金太阳JTY,08-23 20:55,0.6880410362450601
464,79,0,#一年期、五年期LPR双双下调#有利于房地产，继续看好,缘来你在买基,08-23 20:55,0.5905870419783698
465,171,0,轮动速度有点快,封印浅谈,08-23 20:54,0.8727847079980419
466,283,3,下午反弹,霸飞特股神,08-23 20:54,0.4844449485763629
467,5133,79,上证站稳在这个关键点位就会继续上升,幸紫3,08-23 20:53,0.5889101927685549
468,929,4,早谈：机构徐翔之妻集体看空新能源，我们散户如何应对,王智俊,08-23 20:53,0.9028516928552969
469,191,0,复盘20220823,MusicPower,08-23 20:52,0.4737672181921908
470,96,0,越来越感觉炒股真是累啊，不想说亏了多少，唉，不看了,言行一致的狮子,08-23 20:52,0.06821290939123681
471,2850,16,券商股能否带动大盘【来一波行情？】,紫炎林333286,08-23 20:47,0.7055590519786515
472,113,0,我只想说，除了狐导，唯一让我叹为观止的神，每个月就,基民代表人物,08-23 20:46,0.1140838195186068
473,581,3,按预期走势，步步为营,木子趋势,08-23 20:44,0.8837390291982448
474,4718,35,厉害了！我的国！一个月净赚6800亿,淇河张文中,08-23 20:42,0.44942649627012354
475,2407,43,"各位股友大家好,准备抄底",暴炒股不入,08-23 20:41,0.4810998829146742
476,667,3,百万基金实盘：指数震荡能源股略强，现在买总比牛来了,王智俊,08-23 20:40,0.8940333894180735
477,529,1,北上资金和融资客均加仓超千万的业绩大增股。,辉哥侃股,08-23 20:40,0.8896913555310813
478,5452,27,今天，降息了！楼市大利好,骑扬满堂地孙尚香,08-23 20:40,0.2181773080900321
479,982,10,午评…,六个菠萝,08-23 20:40,0.4124760433043906
480,66,0,醍醐灌顶,發哥博鑫,08-23 20:38,0.8928007490393108
481,1319,30,大家都来探讨下周一机会在哪儿[害羞羞][害羞羞],东财柚子姐66,08-23 20:36,0.9541632703232036
482,64,0,明天能爬多高。,股友KythXH,08-23 20:36,0.18695966935959285
483,2319,58,2022年第二季度到了,青岛陈大哥,08-23 20:34,0.5147453371741988
484,353,2, 券商盘中发力但无奈红线压制这三条线大家可以回看一下,乐奇东尼,08-23 20:34,0.34603181429254515
485,1114,3,基金收评丨光伏上涨、白酒下跌，接下来如何操作？,戴少然,08-23 20:32,0.01187981237824376
486,173,0,2022年8月23日复盘（控制控制仓位，现在并非适宜重仓,白白胖胖0,08-23 20:29,0.03928173310673311
487,559,4,方向今天的板块可谓是一地鸡毛，指数到是没跌多少，很,蝙蝠捞金,08-23 20:27,0.9861941962606878
488,270,0,片仔癀：中药（茅）300元股价、风险太大、合理价158元,飞黄积玉的小乔,08-23 20:26,0.9836899126932788
489,83,0,转发,爱莉丝Alice,08-23 20:26,0.5
490,826,1,此消息对格力股价来说，是不能承受之重！,海龟社区,08-23 20:26,0.903009514818496
491,1591,5,百万基金实盘|8月23日大龙基金操作分享  白酒医药怎么,龙行天下虎呀,08-23 20:24,0.9911208826883067
492,188,0,大A近期注意排雷,骑扬满堂地孙尚香,08-23 20:24,0.8914654818865949
493,241,1,明天上午十点将独家消息（敬請期待）,吉米米4530,08-23 20:23,0.23980871260237913
494,90,0,明天能不能来个涨停板？,捉妖shdkguo,08-23 20:20,0.562894855845224
495,3046,15,今日A股走出独立行情了，外资却出逃92亿元，散户应该,股侠钟超,08-23 20:16,0.9877324974328945
496,100,0, 农发种业，持股中。,北海长亭V,08-23 20:15,0.3140822808639424
497,8150,289,二二年第八十九次交易～开始日期：22年1月1日，今日盈,疯皇捏盘,08-23 20:13,0.07228952680814882
498,4269,75, 【六十九万平台款炒股的未来……】二二年第九十次交易,疯皇捏盘,08-23 20:13,0.2768624482244203
499,1104,2,欧洲天然气价格大涨，煤炭光伏储能等能源替代走强,老股民老研究,08-23 20:12,0.8429023330601616
500,216,0,上证指数（2022.08.24 市场展望）,财富Talk,08-23 20:11,0.7266783654409007
501,117,1,今天各位亏多少,基民7013WQ0106,08-23 20:08,0.5526315789473685
502,199,1, 英强：兄弟科技鸭子张嘴了,叕抄底了,08-23 20:07,0.7747827250359565
503,82,0,只能做多的散户面对量化大数据和机器人越来越难赚到钱,金银兴隆得五散人,08-23 20:07,0.5911808917913538
504,220,0,煤炭石油等板块强势上涨，大盘探底回升，明日要变盘？,宇泽操盘,08-23 20:07,0.07686725065654954
505,79,0,每一次大跌都会怀疑板块是不是凶兆已现，每一次反抽都,拉萨军团抄底,08-23 20:05,0.006034589697482717
506,614,14, 新的一周开始了，先看看今天大A会有怎样表现，铁子们,每日一牛李逍遥,08-23 20:04,0.8542686426514543
507,348,0,收星后的运行。,萧峰论市,08-23 20:04,0.586375160707941
508,2083,6,未来大牛股:五洲同明，洲明光显让世界更精彩！,发现牛企,08-23 20:03,0.9998756185500819
509,75,0,哀鼓不能重锤，一锤就破，最后变成了破鼓,WYY先锋4087,08-23 20:02,0.7442842668089888
510,162,0,对当前市场行情的一点看法,加诗永郡,08-23 20:02,0.9635583717835668
511,75,0,周线通子金叉，三线粘合。,高雅的小散,08-23 20:01,0.14609649293416493
512,1604,10,坚定不移向储能行业转型 永泰能源2022年上半年扣非净,股友iI9oZN,08-23 20:00,0.6401293667060083
513,68,0,北向闻到味道了没有,股友2P86297q73,08-23 19:58,0.34194914535735854
514,70,0,日发日发，日发。,第一报到,08-23 19:57,0.04763564540039811
515,148,0,周二收盘北向资金净流出个股最新动向！沪股通净流出前,做T小精灵,08-23 19:56,0.6987620579057601
516,197,2,拉证券拉不动，机构在新能源舍不得出来,基民9B6ihV,08-23 19:55,0.16218038323533657
517,124,0,周二收盘北向资金净流出个股最新动向！沪股通净流出前,做T小精灵,08-23 19:55,0.6987620579057601
518,332,1,巴菲特投资语录（博海心投摘录）,博海心投,08-23 19:53,0.996710884412734
519,221,1,市场是否进行赛道切换。,京居报道,08-23 19:52,0.8127810270258151
520,4317,267,应粉丝提议为各位朋友参考一下手里的g，大家发到这里,大漠孤星最新号,08-23 19:50,0.8328328558592372
521,295,0,碳排放统计核算体系加速完善，蕴含哪些投资机会？,新华基金邓岳,08-23 19:50,0.9904695854384951
522,133,1,HVO才是真正的新能源！別跑偏了！,股友3wjVBh,08-23 19:47,0.05056761995047465
523,100,0,去景气度较高的行业板块看看，例如储能、逆变器、人造,七彩祥云踏脚下,08-23 19:45,0.9535475973281412
524,101,1,3300啥时候突破？难道要留到九月份？,经常做梦,08-23 19:45,0.9532165574538423
525,78,0,华工科技参与医药市场,股友qoUDOS,08-23 19:44,0.9921884489722174
526,70,0,也许，的也许，秋来冬近，记得添衣啊！,江河湖雨,08-23 19:43,0.8767729190020838
527,70,0,今年牛市应该是不可能牛市的了，入室半年亏了30%了[哭,基民2o85692W92,08-23 19:43,0.18921648920564837
528,2520,11,消费电子，康冠科技，贯穿八九月！！！一个教训,悟空战股,08-23 19:39,0.8423621597668768
529,92,0,[图片],股友qoUDOS,08-23 19:35,0.5826086956521737
530,219,0,大盘头肩底形态,坐骑黑马123,08-23 19:34,0.815133664931874
531,76,0,转发,牛熊周期,08-23 19:32,0.5
532,1197,23,炒股的人真的好寂寞[滴汗]别人都拿我当……就我姐她们,红通通亮晶晶,08-23 19:31,0.9705607682506595
533,85,0,指数还会回到3000点，上方3400这波过不去,股旺金来吾股丰登,08-23 19:31,0.935789381469239
534,514,10, 为啥老是觉得我是模拟盘呢？,海底老纵队,08-23 19:30,0.12935327069999136
535,211,0, 这个有说服力么，证明我曾经持有他们。,海底老纵队,08-23 19:25,0.1566199120345173
536,199,0,大A继续走稳何时大反击？看两个关键点！后市机会在哪,导演预判lzwzfa,08-23 19:25,0.8094868232755814
537,123,1,拉一下白酒医药，大盘就上3300了。,股友170o85293K,08-23 19:24,0.8702458569624809
538,85,0,今天应该是主力撤退明天熔断入场[色][色],股友QR28255556,08-23 19:23,0.024064354953279188
539,122,1,明天,股海漫漫啊,08-23 19:23,0.30645161290322587
540,155,5,啥时候拉一下白酒呀[哭][哭][哭][哭][哭][哭]一直亏一,倔强达利园21,08-23 19:22,0.9425823152509989
541,2504,10,趋势走弱，及早离场,安泰_antai,08-23 19:22,0.9306484413141555
542,306,3,大盘直线拉升，为什么我的票在那里一动不动？,方总8088,08-23 19:20,0.0338842885653482
543,561,3,大盘一旦放量突破55日线3290点，将迎来加速上升（8-23,牛熊周期,08-23 19:20,0.57532096240749
544,725,2,平量日线假阳柱，上探下踩涨势缓——22年8月23日上证,德鸿看股,08-23 19:20,0.2092323968900417
545,90,0,大家不要跑偏了，快看，这才是真正的新能源！,股友3wjVBh,08-23 19:19,0.09182123256643615
546,117,3, 敢割我我就加仓,海底老纵队,08-23 19:19,0.27499952314907117
547,1668,1,上证指数从诞生到稳定的五年震荡走势解析（走势本质规,李春林知乎,08-23 19:19,0.9999597923745998
548,1107,21,大利好落地，A股周一喜迎开门红！明天是否还会继续涨,鹏哥分析,08-23 19:18,0.8171011492992167
549,70,0,HVO才是真正的新能源，快看！HVO才是真正的新能源！,股友3wjVBh,08-23 19:17,0.018348126949679244
550,116,1,变盘已经迫在眉睫，明天再不上，减仓为主，犹豫了这么,新手V小石头,08-23 19:15,0.6317207994785768
551,65,0, HVO才是真正的新能源，快看！,股友3wjVBh,08-23 19:15,0.19750494572577582
552,111,1,这么大的市场被北向梆架了,优秀的花烛,08-23 19:14,0.8392567732036711
553,67,0,石油和水，这两样战略资源，无比重要！,无当飞将,08-23 19:14,0.6416070375465335
554,1141,13,上周五提示抄底的，今天都赚了吧。,摩羯海星,08-23 19:14,0.09642216221158861
555,2277,14,好看不中用的利君,金天快乐,08-23 19:14,0.7595371983102445
556,75,0,暴风雨来临前的寂静，撤！,坚心不动,08-23 19:13,0.8798431286138239
557,206,0,窄幅震荡：谁能扛起下轮大旗？磨叽折腾是为后期上攻蓄,云欣财经,08-23 19:13,0.42098505042302126
558,2025,38,黄国东：3300点在下周将进行两次争夺，多空谁胜？,黄国东论市,08-23 19:10,0.332670842381775
559,83,0, 快看！这才是真正的新能源！,股友3wjVBh,08-23 19:10,0.2146813875048751
560,2492,34,用宏观的视角来操作当下！,君隆寶,08-23 19:09,0.9542033740308922
561,6802,53,黄国东：Ａ股需要疗伤，下周分析,黄国东论市,08-23 19:09,0.8384214444168634
562,58,0,千股跌停,大盘邪门,08-23 19:08,0.619295311228208
563,291,2,大家一起砸起来，一起做空赚大钱！,招财善贾滴滴滴,08-23 19:04,0.11492466751927966
564,2494,22,2022.8.22复盘,大鹏仗剑走天涯,08-23 19:03,0.4737672181921908
565,123,0,你们不要忘记了伤疤,只看短线指标,08-23 19:02,0.7772164303464911
566,253,0,明天可以继续跌了,江水流春去欲尽,08-23 18:59,0.10474646617424499
567,396,1,熊市存量搏奕，机构出货也难，会上下振荡迷惑散户进场,霖海123,08-23 18:55,0.5979223537710604
568,64,0,[牛][牛][牛][牛][牛][牛][牛][牛][牛][牛][牛][牛][,YardSaleJun,08-23 18:52,0.9762067733519947
569,66,0,#聚焦热门中报解读，挖掘隐藏投资机会#,九德思德9682,08-23 18:51,0.997717308992607
570,6891,61,大集涅槃：重整结束，战投入局在即。,捉妖师666,08-23 18:49,0.3182032237344792
571,80,0,学习每日计划8月23日1.常宝股份：大涨不封板减仓，缩,三人行必有我师11,08-23 18:49,0.9797874698767307
572,218,1,小鹏汽车二季度营收高于预期，同比增长97.7%，但净利,东哥侃市,08-23 18:49,0.40740575206464236
573,150,2, 比较耐人寻味的走法，指数看着走3浪上涨，但是期指却,ssy244260,08-23 18:47,0.8611041405518485
574,1332,5,明天冷门股将大涨！什么是冷门股,吉米米4530,08-23 18:43,0.0632597294557441
575,284,1,顶住外围压力，整体显强,顺势交易师,08-23 18:42,0.9579558622183002
576,2048,13,8月22日晚间！就在刚刚，A股传出重磅消息，或将引发明,鹏哥分析,08-23 18:42,0.1867377054451238
577,3531,16,良性震荡大盘砸不动，最强赛道补跌开始出现！,红火之点股成金,08-23 18:42,0.40299495100453375
578,216,0,上证收星，主题活跃，明天行情看哪里？,大力出奇基大力,08-23 18:42,0.9439763002919171
579,1916,9,板块轮动分析(军工与农业),江南春信233,08-23 18:40,0.9428725819440097
580,98,1,已经预感到9月份应该会比8月份好做一些。,A股没有信仰,08-23 18:38,0.8814794848179366
581,1790,2,风电、锂电、家电等热门板块，是否会继续上涨？,戴少然,08-23 18:37,0.7576959852819065
582,110,0,数据显示，上半年全国规上白酒企业酿酒总产量为375.09,年年有余的吕布,08-23 18:37,0.0931925720472595
583,109,0,如今，中国白酒行业面临“由量到质”的消费转变，很多,年年有余的吕布,08-23 18:36,0.9769869714025777
584,99,0,大盘在等待一个突破的时机、向上还是向下。向下的概率,股友oQWnQu,08-23 18:35,0.9195036748469027
585,187,3, 券商已经在走三浪主升，目前已经运行了半个月，根据时,A股王小亮,08-23 18:35,0.35860268735901146
586,2512,28,8月的上半月重要节点8月11日已经登陆，是上还是下？如,金铭预测,08-23 18:32,0.013586064269927034
587,81,0,头肩底形态已渐初成，一幅波澜壮阔的爆拉行情画面即将,今晚八点半_COM,08-23 18:29,0.9998724342757008
588,94,0,每次北向资金大幅流出，第二天盘面都是普涨，，大胆买,财经直男,08-23 18:28,0.9971959796625905
589,82,0,国际电工委员会表示，由中国主导，统筹开展新型电力系,基民18856X5P89,08-23 18:27,0.7211756178768034
590,82,0,明天跌的可能性较大，估计跌到3240左右，假如明天涨的,股友8K16O88751,08-23 18:26,0.008287668459860953
591,214,0,明日周三8月24号重点关注这四大最具爆发潜力方向！建,吾本将本求财,08-23 18:26,0.9755841855678309
592,352,0,即将迎来最具爆发潜力的3匹汗血宝马，值得收藏研究！,吾本将本求财,08-23 18:25,0.9952274582024522
593,187,0,2022年08月23日：每日一只低位低价首板股600617国新能,吾本将本求财,08-23 18:25,0.2911474055527514
594,584,5,不第后赋菊待到秋来九月八，我花开后百花杀。冲天香阵,男扮女装,08-23 18:24,0.916154168660942
595,79,0,上证指数已经连续两天站上12日均线，MAcD有向上老鸭头,专业的雷户,08-23 18:24,0.4607547924220228
596,19913,44,早评：不要倒在黎明前,好习惯终生受用,08-23 18:24,0.5443294549744307
597,591,2,论中概股的一带一路，上证B股指数三季度将引来十倍涨,吉米米4530,08-23 18:23,0.6432975665096663
598,74,0,十字星成灾,股友R6h6825518,08-23 18:23,0.4737672181921908
599,84,0,期货龙虎榜来看，这周剩下几天惨了,bluepig888888,08-23 18:22,0.6641252071940829
600,2278,4,打一拳再给个枣，这样的行情怎么办？及近日半年报披露,天咨操盘君,08-23 18:22,0.9546657615010729
601,72,0,游子融资买入小盘股炒小盘股、赚的满满的、买入中大盘,飞黄积玉的小乔,08-23 18:21,0.9891556982527651
602,131,0,8月23日 在证券市场纠纠结结的时候，我来也！,我是987,08-23 18:20,0.46591679243269424
603,63,0,#聚焦热门中报解读，挖掘隐藏投资机会#奖金太少了，都,笑对人生9898,08-23 18:20,0.9991053442180758
604,21305,20,好消息|北上资金大幅抄底药明康德，医疗要起飞了吗？,小尘理财,08-23 18:20,0.9312474122904585
605,745,4,格林达：严重被忽视的高成长兼低估值电子材料公司（对,宏图有余得何书桓,08-23 18:19,0.9989132944383231
606,170,2,今天会有多少绿？,日月升停,08-23 18:18,0.6101396421187163
607,1302,3,网友炸锅|医疗暴跌超18%，该清仓还是梭哈抄底？,小尘理财,08-23 18:18,0.9878316588764853
608,2181,46,炒股十余年，曾想放弃，后来发现山顶风景真美！如果你,鹏哥分析,08-23 18:17,0.9989808621605684
609,60,0,转发,退市三毛,08-23 18:15,0.5
610,1012,15, 流入，没毛病。[强壮],别跟庄斗气,08-23 18:12,0.9449743969051829
611,396,8, 2022.08.22今日盈利180，每次新建仓的股就一路跌[惨!,小梅牛,08-23 18:10,0.24495648290056804
612,67,0,#聚焦热门中报解读，挖掘隐藏投资机会#300889爱克股份,拿刀的猎人,08-23 18:09,0.9996864645092145
613,1398,29,晚上复盘，请所有人为我见证，明日大盘将强势突破3300,广东女侠,08-23 18:06,0.9940340869070261
614,56,0, 加油，大A,shajlop,08-23 18:04,0.9292164595886475
615,73,0,上证明阴线,协和南百,08-23 18:02,0.5501163114125996
616,503,4,长安和江淮还能拉那么猛，汽车零部件里多少小妖股。麻,灬小玩家,08-23 18:02,0.9896428643225866
617,265,1, 天奇我哥楞是没给我冲啊明天看吧有溢价我就跑了#三一,qin10144,08-23 18:02,0.1965100899019404
618,868,18,#锂电池板块回暖锂矿股领涨#现在风光储反弹有限，主线,超萌的小龙龙,08-23 18:01,0.8733170993955747
619,154,0, 面对全球经济的衰退，实体业萎靡不振，资本们开始兴风,l拉尼娅超星量子l,08-23 18:01,0.9759760159205539
620,291,0,陈自权：上证指数2022年8月24日分时走势预测,非常道陈自权,08-23 18:01,0.8152272477311374
621,101,1,五日均线上行吃力，明天危险危险危险！,SwXmhA9一颗樱桃,08-23 18:00,0.23181719528256495
622,169,3, 我也不知道东方财富的算法准不准[想一下]一个孤独的小,温心小箭,08-23 17:58,0.9976862226533181
623,118,0,#半年赚120亿，通威股份化身印钞机#高位出利好利好大,股友25868,08-23 17:57,0.6466035544645805
624,385,2,看一下中国海诚藏在垃圾堆里的明星股,从不价值投资,08-23 17:57,0.5602050995047327
625,1018,6, 数天没人理踩它！骗子，托，还能捡点狗粮吗？别上当，,泽润东方12751,08-23 17:56,0.0014546497115334178
626,81,0,涨2个点比登天还难，亏5个点易如反掌。永远是高开低走,睿智de金吉拉,08-23 17:56,0.20349481067703057
627,61,0,#聚焦热门中报解读，挖掘隐藏投资机会#,认真负责地任我行,08-23 17:55,0.997717308992607
628,68,0, 今天清仓五金，没有理想价位，但也不错，原本准备加价,大号的青蛙,08-23 17:54,0.7977303233924167
629,147,1,看看银行指数，是底不反弹，从历史看，没有不涨的道理,坚信底部,08-23 17:50,0.9433978124215858
630,133,1,月底收割机，小心小心,诸葛抄股,08-23 17:49,0.049661355900530335
631,592,5, 时间窗口！,泓深9527,08-23 17:49,0.4752558802393876
632,6306,18,葛兰坚守CXO小龙头（附下半年医疗投资策略）,小尘理财,08-23 17:48,0.995824592814409
633,103,1,怎么感觉最后剩我们还在玩碳中和哈哈哈,不价投财神帮不了,08-23 17:45,0.9501920050201509
634,73,0,【一五计划】日期：8.23自然日第779天交易日第520天，,lcyhrs,08-23 17:45,0.030680601858897982
635,182,0,券商力挺，光伏回暖,涌泉聚利,08-23 17:45,0.9295588250623361
636,65,0,市场成本有由3284走平开始下移至3279点，说明什么问题,买跌卖涨其乐无穷,08-23 17:44,0.558790646593173
637,134,1,亏损微利～轮流玩，轮流表演炒作涨停！！！微利甚至大,三仙888,08-23 17:42,0.1205033362177701
638,328,11,《每日一帖，向着50万目标》净资产71894 当日盈亏-320,章太白,08-23 17:41,0.8125159257956496
639,397,3,方向今天的指数又是集体缩量，有点吓人，那这个位置会,蝙蝠捞金,08-23 17:40,0.9732394037572913
640,1364,25,Games that are not fun are not fun,瑞秋瑞秋瑞秋,08-23 17:39,0.44767845850986676
641,362,3,下午还是要跌,基民mCRKrn,08-23 17:39,0.4844449485763629
642,82,0,市场成本线3284有走平开始下移至3279点，说明什么问题,买跌卖涨其乐无穷,08-23 17:36,0.5958668755198935
643,662,2,独立财务顾问更名 仁东控股说明情况,红刊投服平台,08-23 17:35,0.8845974723033962
644,197,0,20220823上证指数收盘总结,股道大觉,08-23 17:35,0.7186308450433718
645,1758,4,刚看了一公司的定增推进速度。5月17日预案，6月9日股,去往东北,08-23 17:34,0.01756666817596786
646,155,3,散户炒股不是想赚钱，是想什么时候回本[大笑],专注韭菜,08-23 17:34,0.06581955654791294
647,124,1,1.新能源（风光储）和煤炭能源都在高位运行，所以金融,老韭看市奇观,08-23 17:32,0.8635403767793476
648,442,10,今年亏了一年工资对生活绝望了,韭菜命一辈子,08-23 17:32,0.7703932674353681
649,93,1,除了科技新能源的股票，其他板块跌的真恶心,一割肉就连续涨停,08-23 17:32,0.0380720841602854
650,113,1,现在是8月23日，明日短线机会三维化学（9.3元附近），,翻倍哥1,08-23 17:32,0.7975468104846455
651,73,0,9月宁王来解禁，,打板异族,08-23 17:31,0.5510875301351825
652,160,3,又一波下跌在酝酿中,爱运动得丝诺,08-23 17:31,0.7854991891020701
653,166,2, 喋喋不休，顶不住以后的交易守则1.下午交易最多两次2.,若橙世,08-23 17:31,0.0030526295992123753
654,145,1,此波大盘的调整注定是以新能源为代表的锂电、风电、光,爱运动得丝诺,08-23 17:30,0.8129094115113256
655,211,0,每日超短,翻倍哥1,08-23 17:30,0.8845909539840721
656,69,0,光伏储能疯牛一样，其他板块阴跌的恶心,一割肉就连续涨停,08-23 17:29,0.20095426045155074
657,2402,42,主力在恐吓散户们交出筹码啊！,广土老朽,08-23 17:28,0.83726683927471
658,74,0,新能源就是伪命题！,爱运动得丝诺,08-23 17:27,0.45434517428411303
659,213,2,大盘又要跌了！中长线别慌！,成功源于多重准备,08-23 17:27,0.6496757404409738
660,64,0,明天会大涨吗？,诸葛抄股,08-23 17:27,0.5084003912945129
661,117,1,左肩十二天，右肩十一天，,股友06u338Y108,08-23 17:27,0.03854309171788117
662,974,1,缩量上涨阳盖阴，依稀可见头肩底——2022年8月22日上,德鸿看股,08-23 17:24,0.015980793003145477
663,77,0,随着全球智能手机和PC需求回暖、汽车电子产业快速扩张,基民25z3q50505,08-23 17:22,0.9900130859291041
664,57,0,真挺佩服,股友VXUZl9,08-23 17:21,0.8628011489512345
665,797,4,下午跳水三百点！！！,基民r0rHzx,08-23 17:19,0.16531699094035146
666,149,0, 狙击【8.23复盘】：分歧！出手总龙头！本号主要记录个,狙击作手每日直播,08-23 17:18,0.46048457629939354
667,169,0,长园集团：投资者提请民事诉讼 涉案金额合计近2296万,红刊投服平台,08-23 17:18,0.9962440947263592
668,5535,16,话说   大盘8.22盘前,飞石点金,08-23 17:18,0.4749765614707755
669,481,6,昨天买的全部止损，手里只有1.5层。,萌苦上单,08-23 17:18,0.7253146963179193
670,62,0,像个无头苍蝇样的，到处乱窜,韭菜世界没有牛市,08-23 17:17,0.02188697131412265
671,59,0,转发,Nico酱炒股l,08-23 17:17,0.5
672,71,0, 感谢市场感谢大家,一整个宇宙换你,08-23 17:16,0.9037430919529804
673,65,1, 老乡别走来了,王多鱼有梦想,08-23 17:15,0.06978905339670327
674,118,1, 资金虽然不多但是很稳！,稳中求进87,08-23 17:15,0.9657370947896138
675,415,2,低开抢筹，没啥说的。,悲伤的土豆,08-23 17:14,0.28263886321167053
676,1888,5,不过度，不执着（博海心投2022年8月19日周记）,博海心投,08-23 17:13,0.056698013911695044
677,143,0,NYMEX天然气飙升 供气供热创年内新高！半年报公布季 ,易道投资888,08-23 17:11,0.8349056526559906
678,116,1,金叉已现，满仓梭哈。,大白兔爱吃大萝卜,08-23 17:09,0.2797178615468806
679,70,0,航空航天都跌成啥了,怒涨哥,08-23 17:08,0.2677980646825281
680,7264,7,大家早上好，周五夜里美股全线大跌，关于今日A股行情,广东女侠,08-23 17:08,0.6676128856968798
681,8647,336, 放出来的都是～吸钱兽！这样理解没错吧。。。人民银行,雪夜银狐,08-23 17:08,0.32157510261960753
682,71,0,油价天然气飞涨到今年年底飞五六赔己上的,第二众和油大王,08-23 17:06,0.550881372352627
683,60,0,分享,快乐玩股668,08-23 17:05,0.810126582278481
684,85,0,星源还是要扩张，继续和159633中证1000指数ETF一起持,墨香不退与你同味,08-23 17:03,0.9485465503995449
685,71,0,很多小盘成长被基金加仓，看看159633中证1000指数ETF,墨香不退与你同味,08-23 17:02,0.9990636864569938
686,61,0,#聚焦热门中报解读，挖掘隐藏投资机会#,股友079u566r69,08-23 17:02,0.997717308992607
687,128,0,爱卷不卷 反正这个方向最受益,红刊投服平台,08-23 17:02,0.7750139835707645
688,66,0,估值低相对收益大概率好，看好159633中证1000指数ETF,墨香不退与你同味,08-23 17:02,0.9173221798599187
689,92,1,[牛][牛][牛][牛][牛][牛][牛][牛][牛][牛][牛][牛][,YardSaleJun,08-23 17:01,0.9762067733519947
690,136,1,跌下来才是机会，来吧，看看4.27号那时候，跌到2863点,股市一枝侠,08-23 17:01,0.035481914394203895
691,2144,23,很少预判大A，今天试试手。今天开始到明年底，很难彻,豪赌永远与您同在,08-23 17:01,0.990225802223848
692,1336,7,大盘的窄幅震荡,老海螺,08-23 17:00,0.5486976325915107
693,87,1,股市不适合我，买啥啥跌，赚小亏大,管住手手手手手,08-23 17:00,0.7438082653969853
694,135,1,中证1000估值期货一来唤醒小盘股！紧盯中证1000指数ET,霉办法还是挣钱,08-23 16:58,0.933343158605872
695,2038,18, 坚定之前预判，八月已近尾声，本周起，越跌越买，静等,摩羯海星,08-23 16:58,0.954150694640384
696,12877,42,今天是8月21日，晚上21点39分钟，马上给所有人一个提,股侠钟超,08-23 16:58,0.0049660807095534
697,71,0,制造业还是绝对的主线，继续拿稳159633中证1000指数ET,吃肉的胖子,08-23 16:58,0.983746346048766
698,196,0,能源板块大涨 指数弱势盘整,牛犇先生,08-23 16:57,0.15292744308322603
699,67,0,专精特新要大力扶持，159633中证1000指数ETF打包专精,吃肉的胖子,08-23 16:57,0.9970492119227174
700,58,0,股市挣钱太难了…,Hnp阿文,08-23 16:57,0.5976014166030642
701,67,0,明天继续上涨吗？,股友eEyEWM,08-23 16:57,0.09045573402068785
702,49437,170,最后20分钟！马上跟所有人说一下，今天A股的下跌，不,股侠钟超,08-23 16:57,0.09711323328305876
703,56,0,中证1000最近走的特别强！看看159633中证1000指数ETF,吃肉的胖子,08-23 16:57,0.9828720392625777
704,54,0,$上证指数(SH000001)$,嘻嘻悦悦,08-23 16:56,0.5608304540994631
705,66,0,市场完全切换了！准备埋伏一点159633中证1000指数ETF,吃肉的胖子,08-23 16:56,0.6872369597045703
706,1482,21, 不知要等什么时候才能回本。。,真熊伤人假牛吃人,08-23 16:56,0.11601068756477617
707,166,0,和迪森转债说再见,持有封基88,08-23 16:56,0.7230608233664837
708,450,2, 中期属震荡整理，短期要回调支撑；近期控制5～6成仓位,股势赢家,08-23 16:56,0.7595443116153833
709,60,0,最近都成了梭哈王子了，买了守不了几天就跑了。今天居,L4千典,08-23 16:55,0.8752383782821432
710,71,0,有增量资金在，感觉159633中证1000指数ETF机会大！,吃肉的胖子,08-23 16:54,0.9920498716218752
711,64,0,中证1000最近热度很高，打算买一点159633中证1000指数,吃肉的胖子,08-23 16:54,0.9807142298529727
712,72,0,个人觉得上证50要走熊市了，大盘股的末日。这时候坚持,Moses_Judy,08-23 16:53,0.13168977399716852
713,53,0,159633中证1000指数ETF能买，覆盖了中小盘龙头,霉办法还是挣钱,08-23 16:53,0.697778240333546
714,50,0,159633中证1000指数ETF是易方达的？那未来流动性或很,霉办法还是挣钱,08-23 16:53,0.9647113733970206
715,723,3,收评|医药白酒持续跌 新能源光伏持续涨 该怎么办？,龙行天下虎呀,08-23 16:52,0.013953528167949925
716,221,1,胜马收评：沪深两市弱势收跌，创业板指微涨0.05%,胜马财经,08-23 16:52,0.41265707625632897
717,2169,17,与庄共舞天堂湖：周末消息爆棚，下周A股先抑后扬！,庄哥天堂湖,08-23 16:52,0.5262459312091915
718,58,0,买了159633中证1000指数ETF，估值历史偏低,霉办法还是挣钱,08-23 16:52,0.8955629945792074
719,11987,30,阿狸复盘8.21,阿狸复盘,08-23 16:51,0.26087100277175
720,4203,18,擦亮眼睛等待中线买点出现，将迎来5分级别反弹,熙凤吖,08-23 16:51,0.03422845902694649
721,49,0, 韭菜我是怎么炼成的！(8月23日),郭钛忠,08-23 16:51,0.05475586347593342
722,66,0,明日大盘将小幅上涨,嘛俐嘛俐厷,08-23 16:51,0.5225802334617956
723,367,1,这个股市没办法了。只有撤出了。,高大得春鹃,08-23 16:50,0.4782475090434479
724,78,0,制造业、生物医药是好赛道，通过159633中证1000指数ET,霉办法还是挣钱,08-23 16:50,0.9953132895743403
725,58,0,中证1000估值历史较低，布局159633中证1000指数ETF,霉办法还是挣钱,08-23 16:49,0.9798460587119678
726,61,0,中证1000增速快，看好159633中证1000指数ETF,霉办法还是挣钱,08-23 16:49,0.9847564218488677
727,2455,20,价值投资经典书籍推介（上）,芳泽论股,08-23 16:48,0.9811261399247768
728,72,0,明日上涨大概率,嘛俐嘛俐厷,08-23 16:46,0.330694942843309
729,179,2,开盘除了昨天涨停的，其他都卖了吧！外部环境恶劣，防,天路烟尘庄小娮,08-23 16:45,0.07231176556738561
730,367,3,想问问大家还记不记得，上次有人说的不买指数[微笑],Nietzsche2287,08-23 16:45,0.7351354711417325
731,111,1,"我是第二个看4000点的,相信相信的力量[兴奋]",生命法廷,08-23 16:44,0.998665884296597
732,99,1,为什么我一割肉就暴涨，赚钱不走就套牢,悟道中2022,08-23 16:41,0.5411617418973012
733,64,0,现金为王啊,一手波澜,08-23 16:39,0.5605733254620199
734,435,1,今天的预测：光伏大比例回调，非相关板块可能因降息上,卢明财经,08-23 16:38,0.1986453641014192
735,68,0,#储能市场上演路线之争#固,只能做渣男,08-23 16:37,0.839278573913448
736,4568,130,一波行情总是在大多数人的质疑声中产生…,东海鱼鹰,08-23 16:37,0.7475216806067618
737,633,0,实盘账户表现和具体操作，中长线观点，及潜力公司-202,地平线2008,08-23 16:37,0.8892368692312451
738,380,7,中南文化天地板。[晕],超短丨就是玩,08-23 16:37,0.6731753032970144
739,428,1,今天会不会暴力反弹？！？,悲伤的土豆,08-23 16:35,0.8423112525189547
740,430,2,日美英上日线要死叉了！！维持原判不变必定破前低2863,王者再,08-23 16:34,0.19593676551313177
741,244,1,平开涨1.76,藏心叶,08-23 16:34,0.4409631846721106
742,65,0,这个榜单，有参考意义嘛[想一下][想一下][想一下]现在,疯狂小炒家,08-23 16:33,0.15512435253586865
743,2259,9,天眼案例来袭，长线标的出炉，回调就是机会,天眼投资家,08-23 16:32,0.25731082040245523
744,67,0,啥吋收复3300点，就可吃一只龙华庙月饼，收复3400点，,九哥虹桥,08-23 16:32,0.1845463164937311
745,77,0,#国常会延续免征新能源车购置税#$(SZbk0900)$新能源长,财运亨通dhb,08-23 16:31,0.02790946214064438
746,76,0,北向资金大举卖出，不是啥好事情[想一下][想一下][想,疯狂小炒家,08-23 16:30,0.9053356932993146
747,165,0,骐邦一周市场评论与操作回顾（2022/8/15-8/19）,骐邦投资,08-23 16:28,0.6888643223126683
748,1864,21,盘前放水，立竿见影！,庄哥天堂湖,08-23 16:28,0.13947144065267625
749,88,0,明天上午，不快速上60线。全仓甩！切记，做股票又不是,股友krUI8d,08-23 16:28,0.015758606168131073
750,453,4,天天亏，月月亏，年年亏，买新股更亏！,无当飞将,08-23 16:28,0.7028637245533053
751,6603,31,身怀六甲的拓邦,金天快乐,08-23 16:27,0.7471811026992563
752,76,0,现在是st的天下[捂脸],招财广进得令狐冲,08-23 16:27,0.07691537440817953
753,138,1,硬拉新能源，最后都是死，唉,等解套就不玩了,08-23 16:26,0.06344880750690873
754,3839,56,下周初反弹！,君隆寶,08-23 16:26,0.7188102240682926
755,181,0,8月23收市策略【明日行情怎么走，该买点什么】一起读,雷眼观天下,08-23 16:26,0.9947753984376764
756,4867,13,没有大风浪，下跌后就是机会,八风无痕,08-23 16:23,0.9234224336874067
757,686,11,奇怪了，无论大盘涨跌反正我的股天天都是绿的[为什么],豁达的蜜雪儿,08-23 16:23,0.17247234776267395
758,1674,35, 我看大盘准不准？我看美股准不准？我看板块准不准？我,白水仙精灵,08-23 16:22,0.06316127659837867
759,109,0,指数迟迟未能冲关 怎么办,股友kou980516,08-23 16:21,0.08482496498832637
760,59,0,今天亏4733,悟道中2022,08-23 16:20,0.5265453991741998
761,402,1,翻红就跑不要抱幻想,高寺达,08-23 16:19,0.9882871776820573
762,142,3,这种行情一天亏三万,心如止水叮叮当,08-23 16:18,0.890142453148024
763,2365,26,8月21日晚间！刚得知市场曝光了几条重磅消息，有望带,鹏哥分析,08-23 16:18,0.23516806047765693
764,74,0,国资地产潜龙：华发股份，业绩优良扩张有序横琴地王，,股友TQKS4R,08-23 16:16,0.9997699048919055
765,76,0,大盘今天不涨的原因是，宁德时代晚上业绩暴增，明天带,这坚强小韭菜,08-23 16:16,0.8946474005953506
766,1109,4,长城汽车：封板领涨价值要重估？,辉哥侃股,08-23 16:15,0.5261800533539336
767,622,0,开盘前瞻：主要指数延续震荡，休整后何去何从？,财富视点直播,08-23 16:15,0.9197780544955325
768,84,1,我来把你蒙,埔成真君,08-23 16:15,0.2941176470588235
769,4819,143,友好提示：我不给关注超过5个人做粉丝，情非得已实侧,上官锋儿,08-23 16:15,0.8018694163997704
770,2462,4,美股如约回调，大A今天能否稳住,三秋一十三,08-23 16:13,0.28598211676984886
771,104,0,行业人士分析，受政策影响，四川部分锂盐和电池正负极,年年有余的吕布,08-23 16:13,0.8197469924751388
772,77,0,外围大跌打乱了出货计划，这两天拼命拉升稳住散户，老,和气富贵得逍遥子,08-23 16:12,0.02097867341873816
773,129,0,图画出来两个月后见分晓！,etf战神,08-23 16:11,0.2654058932289245
774,67,0,大胆预测一下，明天指数站上3300点。,破天一劍,08-23 16:11,0.98050207862458
775,2684,52, 八月快混过去了~每每旭日东升，都是崭新的开始。大盘,北京小影,08-23 16:11,0.9954818205263847
776,64,0,https://apps.apple.com/app/id1456716201,股友7592Wc6093,08-23 16:10,0.5
777,97882,1699,未来几年。美国股市要大熊市。中国要大牛市。黄金要大,小草田伟,08-23 16:10,0.9998810232332231
778,60,0,慢刀子割肉！！！,scott87,08-23 16:08,0.09422522188269578
779,1648,9,之前预判8月3日附近是重要的低点性质，已验证准确，8,天诺玄德,08-23 16:07,0.36537420890991534
780,67,0,垃圾股市，赶紧让我今年的回本吧，我销户还不行吗？,只想回本15w,08-23 16:06,0.1359698730294906
781,112,1,连续亏损第三天，今天割完了，一身轻松,诸葛抄股,08-23 16:06,0.7305671245163641
782,411,1,油价上涨几赔，天然气也飞涨，为什么华信国际股价天天,第二众和油大王,08-23 16:06,0.07399638018858223
783,2388,11,下周A股仍会震荡回撤,幸紫3,08-23 16:06,0.03809616692128659
784,443,2,是实话如果从5月后没有一个月是赚钱的可以退出股市了,沪上总舵主,08-23 16:05,0.19523369712374516
785,384,0,市场研判：1、在隔夜欧美市场大跌+北向全天大卖下，A,e酒t七霸午,08-23 16:05,0.8707934111156498
786,474,3,蓄势待发,晴天不打板,08-23 16:03,0.5
787,261,6, 买多亏多，买少亏少，中国股市，两年来一共亏了6万,股友d623782a77,08-23 16:02,0.6591164269646205
788,378,2,今天盼大跌？送你两个字：做梦！,强囯梦终会实现,08-23 16:02,0.1606246611294767
789,277,2,真正的强国走势,牛啊yyds,08-23 16:02,0.8630530555797126
790,35590,508,8.22上午操作分享,畅享快乐,08-23 16:01,0.8097627333031703
791,1982,4,又一支业绩回暖的潜力股,曾书书战记,08-23 16:01,0.9220305659089614
792,112,1,转发,炒股参谋,08-23 16:00,0.5
793,309,2,大幅低开，开盘跳水，盘中持续下跌，尾盘再跳水急跌,苍蝇盯臭蛋,08-23 16:00,0.0007656624153015157
794,1256,13,股市明天开盘！周末消息面利好不断，下周A股市场哪些,鹏哥分析,08-23 16:00,0.9612690810575958
795,490,8, 我感觉很奈斯,右公子,08-23 15:59,0.9154197211036742
796,1083,7,股票市场趋势线是极简交易的开始,广东粤意,08-23 15:59,0.5340613954775667
797,193,0,2022年8月23日盘后股市分析,趋势通A,08-23 15:58,0.9241351760845221
798,2091,57,如果你未来想要把炒股作为半个职业，以下内容认真看完,鹏哥分析,08-23 15:58,0.7053753259905762
799,847,0,A股午后跳水原因找到了！外资狂砸近百亿筹码，那么明,三万封板,08-23 15:58,0.3220557358613032
